customer_id,age_group,gender,country,customer_segment,account_type,transaction_id,transaction_date,transaction_amount,transaction_type,channel,merchant_category,fraud_flag,credit_score,risk_rating,complaint_count,mobile_app_usage,internet_banking_usage,login_frequency,income_band,loan_balance,deposit_balance,repayment_status,branch_code,transaction_status,processing_time
CUST01047,18-25,F,ZA,SME,CURRENT,TXN000081,08/08/2024,1250.42,deposit,Branch,Travel,0,340.0,Medium,-1.0,,,9999.0,>1M,,167111.27,Default,br007,Pending,-2.0
CUST01079,,F,TZ,,CURRENT,TXN000175,12/07/2024,1143.92,deposit,Internet Banking,Retail,0,646.0,Low,1.0,0,No,9999.0,500k-1M,395733.12,390274.31,LATE,BR004,completed,-2.0
CUST01240,56-65,M,UG,Corporate,SAVINGS,TXN000350,08/12/2024,2347.76,Payment,Internet Banking,Retail,1,999.0,Low,0.0,Yes,Yes,38.0,>1M,251647.71,317112.55,,BR002,Failed,600.0
CUST01184,36-45,M,GH,,SAVINGS,TXN000151,28/01/2024,8411.2,Airtime,ATM,,Yes,999.0,HIGH,3.0,Yes,No,9999.0,500k-1M,,686970.92,current,BR002,Completed,
CUST01026,65-200,F,KE,SME,SAVINGS,TXN000072,06/01/2024,1603.66,Payment,Internet Banking,Groceries,0,440.0,low,2.0,0,FALSE,9999.0,500k-1M,,256934.16,Late,BR-006,Pending,5.2
CUST01206,46-55,M,EG,SME,SAVINGS,TXN000016,06/12/2024,851.98,deposit,Mobile App,Retail,0,,HIGH,2.0,1,Yes,,,-1000.0,485329.26,LATE,BR005,Pending,600.0
CUST01285,36-45,F,EG,,SAVINGS,TXN000455,14/11/2024,605.47,Payment,mobile app,Education,Yes,999.0,Low,,No,No,,>1M,,266409.68,Current,BR005,Pending,-2.0
CUST01126,46-55,F,TZ,SME,SAVINGS,TXN000225,23/01/2024,3464.93,deposit,mobile app,Fuel,0,-50.0,Medium,2.0,Yes,Yes,9999.0,150k-500k,384303.2,340558.11,Default,BR002,Completed,3.22
CUST01403,56-65,F,NG,,SAVINGS,TXN000289,16/07/2024,1937.51,deposit,atm,Telecom,0,999.0,Medium,2.0,1,TRUE,37.0,50k-150k,54003.29,476140.09,Current,BR001,Failed,
CUST01030,18-25,F,EG,Student,WALLET,TXN000224,04/19/2024,471.12,Payment,atm,Retail,,,Low,0.0,Y,,9999.0,,476380.07,462497.16,,BR-006,Failed,
CUST01029,,M,KE,Retail,CURRENT,TXN000331,24/09/2024,1346.65,Transfer,Branch,Misc,0,1500.0,HIGH,2.0,N,,9999.0,,-1000.0,99753.27,current,BR001,completed,
CUST01073,26-35,M,EG,Student,SAVINGS,TXN000221,17/09/2024,2124.33,Withdrawal,atm,Misc,0,-50.0,Med,,N,,60.0,50k-150k,,278282.85,Default,BR001,Failed,
CUST01396,65-200,M,EG,,SAVINGS,TXN000061,10/05/2024,966.1,WITHDRAWAL,Internet Banking,Misc,1,,Medium,0.0,,Yes,28.0,150k-500k,,797809.92,current,BR002,Completed,-2.0
CUST01362,18-25,M,TZ,SME,SAVINGS,TXN000523,07/11/2024,,Payment,POS,Healthcare,No,-50.0,High,0.0,Yes,Yes,9999.0,500k-1M,,405690.85,Current,br007,Failed,
CUST01331,46-55,F,TZ,,SAVINGS,TXN000023,27/04/2024,7577.18,Deposit,USSD,Education,,1500.0,Medium,,,FALSE,45.0,500k-1M,-1000.0,417397.4,current,BR005,Reversed,600.0
CUST01009,,M,ZA,Retail,SAVINGS,TXN000453,24/06/2024,4339.48,Payment,atm,Groceries,,682.0,Med,2.0,,FALSE,9999.0,500k-1M,279986.13,637979.69,LATE,BR-006,Reversed,600.0
CUST01058,26-35,F,GH,Retail,CURRENT,TXN000292,01/02/2024,2322.19,WITHDRAWAL,Internet Banking,Travel,0,668.0,Med,0.0,No,TRUE,11.0,<50k,-1000.0,139427.62,Default,BR002,Pending,
CUST01386,56-65,F,KE,Retail,SAVINGS,TXN000239,17/01/2024,10107.82,Withdrawal,Branch,Retail,,,Medium,0.0,Yes,No,9999.0,>1M,-1000.0,278269.23,Current,BR-006,Completed,
CUST01316,65-200,M,TZ,Retail,WALLET,TXN000339,17/07/2024,5169.04,Airtime,ATM,Telecom,0,-50.0,HIGH,0.0,No,No,9999.0,150k-500k,-1000.0,780100.93,LATE,BR002,Pending,600.0
CUST01192,36-45,F,ZA,,SAVINGS,TXN000154,26/07/2024,1741.01,Transfer,Mobile App,Education,0,1500.0,Med,3.0,No,FALSE,10.0,500k-1M,-1000.0,224647.61,,BR002,completed,
CUST01247,56-65,F,EG,Affluent,CURRENT,TXN000529,21/07/2024,3083.64,Payment,Mobile App,Education,1,999.0,low,2.0,,,25.0,500k-1M,,742244.57,Default,BR001,Failed,-2.0
CUST01386,,F,RW,,SAVINGS,TXN000551,01/05/2024,,Airtime,Branch,Groceries,No,1500.0,Medium,2.0,1,,,500k-1M,417401.09,359417.07,Late,BR004,Completed,2.47
CUST01201,26-35,M,EG,SME,CURRENT,TXN000371,06/27/2024,2719.63,Airtime,ATM,Groceries,1,999.0,High,0.0,No,Yes,52.0,<50k,,689111.02,Current,BR001,Pending,
CUST01052,65-200,M,KE,Retail,CURRENT,TXN000002,03/05/2024,406.87,WITHDRAWAL,Branch,Utilities,Yes,570.0,low,3.0,Yes,FALSE,9999.0,150k-500k,-1000.0,494815.8,,BR-006,Pending,
CUST01204,26-35,M,KE,,WALLET,TXN000448,09/10/2024,2832.37,Airtime,USSD,Utilities,1,-50.0,Med,-1.0,Yes,FALSE,9999.0,50k-150k,,637815.89,LATE,br007,Completed,
CUST01306,46-55,F,TZ,Retail,CURRENT,TXN000545,22/06/2024,7674700,deposit,POS,Misc,0,384.0,HIGH,3.0,N,FALSE,57.0,<50k,-1000.0,518375.81,Current,BR002,Pending,7.94
CUST01032,26-35,F,TZ,SME,CURRENT,TXN000007,19-Oct-24,3549.93,Payment,Branch,Education,1,525.0,low,,0,Yes,14.0,50k-150k,,56685.88,Current,BR001,Reversed,600.0
CUST01376,46-55,F,EG,Student,CURRENT,TXN000241,05/02/2024,1024.08,Payment,mobile app,,1,,Low,-1.0,,FALSE,9999.0,,183720.7,798978.66,Late,BR001,Pending,3.98
CUST01395,26-35,F,TZ,SME,SAVINGS,TXN000412,04/11/2024,4495.59,Airtime,POS,Telecom,No,1500.0,HIGH,1.0,Yes,TRUE,9999.0,>1M,-1000.0,654819.67,Current,BR-006,Completed,600.0
CUST01230,36-45,F,GH,Corporate,SAVINGS,TXN000368,01/12/2024,12689.63,deposit,POS,Fuel,,999.0,low,2.0,Yes,Yes,,>1M,214693.4,286195.61,Default,BR002,completed,-2.0
CUST01399,,F,RW,,CURRENT,TXN000471,26/11/2024,3732,Payment,atm,,1,691.0,HIGH,3.0,,Yes,36.0,<50k,58736.68,288560.66,,br007,Reversed,600.0
CUST01390,56-65,F,KE,SME,WALLET,TXN000416,05/02/2024,1014.72,Payment,atm,Healthcare,Yes,,Med,1.0,N,,9999.0,>1M,155304.91,647744.63,Late,BR001,Reversed,7.81
CUST01394,,M,NG,,CURRENT,TXN000117,15/06/2024,3689.12,Deposit,USSD,Fuel,1,-50.0,Medium,2.0,No,TRUE,47.0,,,134309.93,Current,BR003,Pending,7.09
CUST01176,46-55,M,UG,Retail,SAVINGS,TXN000159,20/08/2024,7724.06,Payment,Mobile App,Utilities,0,1500.0,High,0.0,No,,,50k-150k,-1000.0,557645.93,Default,BR001,completed,
CUST01369,56-65,F,GH,Student,SAVINGS,TXN000550,07/10/2024,,Payment,ATM,Education,,999.0,Med,1.0,Yes,Yes,9999.0,>1M,100856.61,266014.34,current,BR003,completed,-2.0
CUST01185,26-35,M,KE,,WALLET,TXN000323,08/02/2024,6157.77,Payment,atm,Retail,0,1500.0,Med,0.0,Yes,TRUE,30.0,>1M,472531.6,784221.41,Late,BR-006,Reversed,600.0
CUST01108,65-200,M,KE,Corporate,CURRENT,TXN000558,04/02/2024,201.3,Airtime,ATM,Utilities,0,-50.0,low,3.0,0,TRUE,,<50k,376150.97,249513.76,,br007,Pending,7.04
CUST01079,46-55,F,ZA,SME,CURRENT,TXN000311,25/05/2024,51.67,WITHDRAWAL,POS,Healthcare,No,1500.0,Med,2.0,N,TRUE,,500k-1M,-1000.0,56987.48,LATE,BR-006,Pending,7.09
CUST01336,,M,RW,Retail,SAVINGS,TXN000178,24/01/2024,201.33,Deposit,USSD,Utilities,0,372.0,Medium,,N,Yes,9999.0,>1M,-1000.0,594781.95,Current,BR001,Failed,-2.0
CUST01281,46-55,M,UG,Student,SAVINGS,TXN000138,26/02/2024,"NGN 6,795.34",Airtime,USSD,Healthcare,Yes,-50.0,HIGH,0.0,,FALSE,,50k-150k,,596191.17,LATE,BR-006,Reversed,600.0
CUST01203,36-45,F,RW,Affluent,CURRENT,TXN000058,09/09/2024,149.23,WITHDRAWAL,Mobile App,Travel,0,999.0,Low,-1.0,0,TRUE,17.0,500k-1M,,711589.21,current,br007,Failed,600.0
CUST01220,65-200,M,EG,SME,SAVINGS,TXN000407,25/09/2024,419.07,Withdrawal,ATM,,0,999.0,Low,2.0,N,No,56.0,>1M,,791044.46,current,br007,Failed,
CUST01390,26-35,F,KE,SME,CURRENT,TXN000432,17/06/2024,550.17,WITHDRAWAL,ATM,,,1500.0,HIGH,1.0,,FALSE,,500k-1M,,390647.46,Current,BR-006,Failed,5.95
CUST01403,18-25,F,NG,Corporate,SAVINGS,TXN000041,17/07/2024,7819.17,Deposit,Mobile App,Education,0,-50.0,low,-1.0,No,Yes,42.0,150k-500k,,631987.73,current,BR005,Completed,-2.0
CUST01268,26-35,M,EG,Retail,SAVINGS,TXN000337,07/06/2024,1002.96,Transfer,atm,Retail,No,-50.0,HIGH,,Yes,TRUE,,<50k,,569268.48,,BR002,Pending,2.05
CUST01071,36-45,M,RW,SME,SAVINGS,TXN000461,13/05/2024,252.53,deposit,POS,Retail,No,999.0,HIGH,-1.0,No,FALSE,11.0,150k-500k,468145.79,593573.34,Current,br007,Completed,
CUST01037,65-200,M,GH,Affluent,WALLET,TXN000405,27/12/2024,9384.49,Payment,USSD,Education,0,-50.0,Med,,Y,Yes,,50k-150k,-1000.0,86217.43,LATE,BR002,completed,5.81
CUST01167,65-200,F,TZ,Student,SAVINGS,TXN000506,14/07/2024,3301.03,deposit,ATM,Retail,,1500.0,High,3.0,1,No,9999.0,50k-150k,-1000.0,484065.13,Late,BR003,Completed,2.44
CUST01313,36-45,M,GH,SME,SAVINGS,TXN000193,04/01/2024,-3197.11,Airtime,USSD,Groceries,0,999.0,low,0.0,,No,9999.0,500k-1M,,247614.64,,BR005,Completed,600.0
CUST01117,26-35,F,KE,Corporate,CURRENT,TXN000223,21/04/2024,1033.95,Transfer,USSD,Fuel,No,,High,0.0,Yes,FALSE,,50k-150k,,115953.02,Current,BR-006,completed,600.0
CUST01256,46-55,F,TZ,,SAVINGS,TXN000087,25/02/2024,411.17,Airtime,USSD,Fuel,No,999.0,Med,-1.0,Y,Yes,,<50k,,392482.76,Current,BR003,Failed,600.0
CUST01161,46-55,F,RW,Retail,SAVINGS,TXN000096,10/04/2024,8025.43,Deposit,USSD,Fuel,0,,HIGH,-1.0,N,,9999.0,150k-500k,-1000.0,393380.7,Late,br007,Reversed,600.0
CUST01233,56-65,F,UG,Corporate,SAVINGS,TXN000208,2024-13-45,2423.44,deposit,POS,Utilities,,1500.0,HIGH,0.0,No,FALSE,38.0,500k-1M,-1000.0,189399.97,LATE,BR001,Failed,600.0
CUST01410,,F,GH,Retail,CURRENT,TXN000054,01/06/2024,214.36,Payment,ATM,Travel,1,-50.0,HIGH,,,,54.0,150k-500k,142531.51,218233.04,Late,BR004,Completed,
CUST01109,46-55,M,UG,,CURRENT,TXN000492,06/11/2024,2541.27,Transfer,Internet Banking,Misc,No,999.0,low,0.0,No,No,9999.0,>1M,-1000.0,307432.4,Late,BR002,Reversed,
CUST01008,56-65,F,UG,Student,SAVINGS,TXN000456,20/08/2024,12854.39,deposit,Branch,Utilities,Yes,-50.0,Med,1.0,1,TRUE,40.0,500k-1M,-1000.0,73714.82,Default,BR004,Reversed,4.51
CUST01156,26-35,F,TZ,,WALLET,TXN000025,25/10/2024,3225.02,Airtime,USSD,Utilities,Yes,999.0,Medium,1.0,Y,TRUE,14.0,150k-500k,,95643.79,Late,BR003,Failed,
CUST01124,56-65,M,RW,SME,CURRENT,TXN000445,08/01/2024,1228.86,Transfer,POS,Retail,Yes,1500.0,High,-1.0,No,TRUE,,,,629899.16,Late,BR005,Pending,-2.0
CUST01102,,F,GH,Retail,CURRENT,TXN000062,2024-13-45,,Payment,atm,Misc,0,1500.0,HIGH,3.0,Yes,Yes,,150k-500k,-1000.0,382932.09,Late,br007,completed,600.0
CUST01206,65-200,F,RW,Retail,WALLET,TXN000597,12/11/2024,9222.86,Deposit,POS,Healthcare,,450.0,low,-1.0,Yes,FALSE,34.0,<50k,42176.25,144359.18,LATE,BR003,Reversed,-2.0
CUST01253,46-55,F,EG,Retail,WALLET,TXN000100,05/12/2024,7049.04,deposit,USSD,Telecom,Yes,-50.0,High,-1.0,Y,Yes,2.0,<50k,,13025.08,LATE,BR003,Pending,
CUST01019,56-65,F,UG,,SAVINGS,TXN000160,01/11/2024,3807.32,Withdrawal,Mobile App,Retail,Yes,,low,2.0,Yes,No,9999.0,150k-500k,-1000.0,228805.21,LATE,BR004,Reversed,
CUST01033,56-65,F,EG,,SAVINGS,TXN000125,12/04/2024,583.11,Payment,atm,Telecom,0,,low,-1.0,No,Yes,15.0,>1M,,563707.16,current,BR003,Pending,600.0
CUST01288,,M,KE,Affluent,CURRENT,TXN000076,19/08/2024,7059.09,Deposit,atm,Misc,0,-50.0,High,0.0,Y,,28.0,,-1000.0,466518.14,Current,BR004,Pending,600.0
CUST01163,65-200,M,EG,Retail,CURRENT,TXN000321,12/13/2024,1277.81,Transfer,Internet Banking,Groceries,Yes,,HIGH,1.0,0,FALSE,,500k-1M,-1000.0,168490.47,Default,BR004,Reversed,
CUST01114,56-65,M,NG,Corporate,SAVINGS,TXN000235,28/07/2024,669.06,Transfer,atm,Utilities,0,783.0,High,2.0,No,FALSE,9999.0,>1M,322392.92,95483.73,LATE,BR005,Completed,2.29
CUST01393,26-35,F,NG,SME,SAVINGS,TXN000563,16/11/2024,6161.42,Payment,Branch,Healthcare,0,999.0,HIGH,,No,FALSE,9999.0,,,770806.54,Late,BR001,Pending,600.0
CUST01376,65-200,M,RW,Affluent,CURRENT,TXN000596,21/12/2024,1065.59,Payment,mobile app,Misc,0,-50.0,Low,0.0,,,9999.0,500k-1M,,326740.13,,BR-006,Completed,600.0
CUST01243,36-45,M,RW,,SAVINGS,TXN000446,13/09/2024,671.03,Payment,Internet Banking,Restaurants,0,,Med,-1.0,N,TRUE,40.0,50k-150k,14002.35,466584.3,current,br007,completed,1.27
CUST01384,46-55,M,ZA,Corporate,SAVINGS,TXN000132,02/10/2024,11832.54,deposit,Mobile App,Misc,0,713.0,Low,0.0,0,No,9999.0,<50k,-1000.0,135187.79,LATE,BR001,Reversed,3.0
CUST01416,36-45,F,RW,Retail,WALLET,TXN000549,06/05/2024,4295.63,Deposit,Internet Banking,Fuel,0,1500.0,HIGH,-1.0,Y,FALSE,,>1M,-1000.0,694507.09,,BR003,Failed,
CUST01356,46-55,F,NG,Retail,WALLET,TXN000136,09/02/2024,437.98,deposit,POS,Groceries,Yes,-50.0,Med,0.0,1,FALSE,,,-1000.0,703960.2,current,br007,completed,
CUST01072,,F,ZA,,CURRENT,TXN000482,15/03/2024,834.7,WITHDRAWAL,Branch,Retail,Yes,666.0,Med,-1.0,,,9999.0,500k-1M,-1000.0,256442.45,,BR004,Reversed,600.0
CUST01279,56-65,F,EG,Corporate,CURRENT,TXN000059,2024-13-45,433.01,deposit,mobile app,Restaurants,Yes,999.0,HIGH,3.0,0,FALSE,9999.0,,,33884.13,LATE,BR002,Completed,-2.0
CUST01374,18-25,M,GH,SME,CURRENT,TXN000261,10/07/2024,7959.25,deposit,Internet Banking,Utilities,0,999.0,High,,Yes,,9999.0,500k-1M,,204131.12,,BR-006,Pending,600.0
CUST01034,56-65,M,TZ,Retail,CURRENT,TXN000307,07/05/2024,3751.42,Withdrawal,mobile app,Fuel,0,-50.0,Med,3.0,1,Yes,14.0,<50k,308174.34,247078.9,Late,BR-006,completed,
CUST01291,26-35,F,ZA,,SAVINGS,TXN000083,27/02/2024,3199.75,deposit,ATM,Groceries,Yes,999.0,low,,0,FALSE,29.0,50k-150k,,135412.57,LATE,BR002,Completed,600.0
CUST01349,26-35,M,RW,,SAVINGS,TXN000490,05/05/2024,1693.37,Deposit,atm,Travel,0,1500.0,Med,2.0,1,TRUE,14.0,>1M,-1000.0,139482.53,Late,BR004,Failed,-2.0
CUST01337,26-35,M,EG,Retail,CURRENT,TXN000562,07/05/2024,4352.11,Payment,Mobile App,Retail,No,,Medium,1.0,No,No,,150k-500k,,39146.74,Default,BR002,Reversed,600.0
CUST01371,36-45,F,GH,Retail,SAVINGS,TXN000516,11/03/2024,5315.05,Transfer,atm,Education,No,-50.0,HIGH,1.0,N,TRUE,,,-1000.0,601327.38,Late,BR001,Pending,600.0
CUST01196,36-45,M,UG,,SAVINGS,TXN000442,11/13/2024,2112.52,Airtime,Branch,Telecom,1,,low,3.0,1,FALSE,60.0,150k-500k,162510.16,133167.1,LATE,br007,Failed,5.04
CUST01347,18-25,F,NG,Affluent,WALLET,TXN000360,20/09/2024,,Withdrawal,mobile app,Travel,1,-50.0,High,,N,FALSE,,,-1000.0,340679.36,LATE,BR-006,Reversed,-2.0
CUST01189,65-200,M,GH,SME,CURRENT,TXN000211,02/06/2024,6102.74,deposit,USSD,Utilities,0,-50.0,Low,1.0,Yes,No,38.0,50k-150k,,616294.23,,BR004,Reversed,600.0
CUST01389,36-45,F,UG,Retail,CURRENT,TXN000099,21/08/2024,613.4,deposit,POS,Utilities,Yes,1500.0,HIGH,0.0,0,Yes,9999.0,500k-1M,-1000.0,749068.89,Late,BR004,Failed,600.0
CUST01233,56-65,F,ZA,,CURRENT,TXN000293,10/19/2024,6632.16,Withdrawal,USSD,Telecom,No,-50.0,High,,Yes,Yes,9.0,50k-150k,397449.06,426043.77,Current,BR-006,Pending,-2.0
CUST01373,36-45,M,NG,SME,WALLET,TXN000578,02/12/2024,2538.25,deposit,POS,Groceries,0,999.0,High,-1.0,No,Yes,23.0,,-1000.0,414997.53,LATE,BR001,Pending,-2.0
CUST01046,36-45,M,TZ,Retail,SAVINGS,TXN000319,07/10/2024,10740.07,deposit,Mobile App,,No,999.0,High,,0,FALSE,9999.0,50k-150k,,646757.99,Default,BR004,completed,1.87
CUST01227,65-200,F,TZ,,CURRENT,TXN000308,28/10/2024,1303.62,Payment,POS,Telecom,No,-50.0,low,,,TRUE,48.0,,-1000.0,265016.22,Current,BR001,Reversed,2.01
CUST01159,26-35,F,UG,Student,SAVINGS,TXN000290,07/04/2024,1491.15,deposit,Branch,Utilities,Yes,,High,1.0,1,TRUE,,50k-150k,-1000.0,469151.93,LATE,BR004,Reversed,5.46
CUST01114,26-35,F,NG,Retail,SAVINGS,TXN000255,25/07/2024,10261.64,Payment,atm,Utilities,Yes,534.0,Medium,0.0,Y,No,,,-1000.0,208126.22,Late,BR002,Pending,-2.0
CUST01263,36-45,F,UG,Affluent,CURRENT,TXN000317,02/24/2024,12.54,Payment,USSD,,,629.0,Medium,-1.0,Yes,TRUE,,,,320132.15,Late,br007,completed,4.94
CUST01001,36-45,F,UG,,SAVINGS,TXN000254,07/05/2024,3958.63,Deposit,mobile app,Restaurants,0,384.0,Medium,0.0,1,No,9999.0,500k-1M,,361191.92,,br007,completed,
CUST01042,36-45,F,RW,,SAVINGS,TXN000483,11/11/2024,2703.11,deposit,ATM,Healthcare,No,-50.0,Low,1.0,N,TRUE,9999.0,<50k,-1000.0,665005.76,Default,BR004,Failed,1.59
CUST01080,56-65,M,NG,Corporate,SAVINGS,TXN000046,02/10/2024,1270.38,Deposit,Branch,Retail,Yes,-50.0,Medium,2.0,Y,No,9999.0,50k-150k,,88711.82,Default,BR003,Pending,600.0
CUST01040,46-55,F,RW,,CURRENT,TXN000203,15/06/2024,390.08,Payment,ATM,Utilities,Yes,779.0,low,1.0,0,FALSE,30.0,<50k,473724.14,688877.02,Default,BR004,Reversed,-2.0
CUST01315,56-65,M,ZA,Retail,CURRENT,TXN000423,13/08/2024,1874.94,Deposit,USSD,Retail,Yes,,Med,1.0,1,No,9999.0,<50k,155195.35,728832.6,current,br007,Completed,7.33
CUST01252,36-45,F,UG,Affluent,WALLET,TXN000281,17/11/2024,1254.94,Withdrawal,Internet Banking,Restaurants,Yes,716.0,HIGH,0.0,N,No,58.0,50k-150k,-1000.0,540077.94,Late,BR005,Reversed,
CUST01046,46-55,M,KE,Corporate,CURRENT,TXN000280,09/06/2024,3121.62,Payment,Mobile App,Groceries,1,999.0,Medium,0.0,Y,FALSE,43.0,50k-150k,,145166.27,current,BR005,Failed,-2.0
CUST01198,46-55,F,UG,SME,SAVINGS,TXN000095,16/03/2024,1710.38,deposit,Internet Banking,Healthcare,1,999.0,Medium,,No,TRUE,7.0,500k-1M,152690.0,298644.86,Default,BR002,Failed,600.0
CUST01067,18-25,F,EG,Student,CURRENT,TXN000449,19/05/2024,931.42,Deposit,mobile app,Utilities,1,1500.0,Med,3.0,,Yes,9999.0,500k-1M,,93125.11,LATE,BR002,completed,
CUST01114,65-200,M,EG,SME,CURRENT,TXN000547,05/12/2024,1999.5,Deposit,Mobile App,Groceries,Yes,1500.0,HIGH,1.0,1,TRUE,9999.0,<50k,,334375.68,Late,BR001,Reversed,-2.0
CUST01390,46-55,F,GH,Student,SAVINGS,TXN000129,07/17/2024,4250.29,Transfer,mobile app,Groceries,No,999.0,Medium,-1.0,Y,TRUE,9999.0,50k-150k,147025.56,376429.25,Late,BR003,Reversed,6.94
CUST01214,36-45,M,ZA,Student,WALLET,TXN000358,26/09/2024,-813.75,Airtime,Branch,Utilities,0,999.0,Med,0.0,No,TRUE,,,-1000.0,551064.39,current,BR005,Failed,600.0
CUST01282,,F,EG,SME,WALLET,TXN000152,19/10/2024,4244.2,deposit,Internet Banking,Education,0,,High,0.0,N,,32.0,<50k,-1000.0,8473.35,Late,br007,Reversed,
CUST01239,46-55,F,RW,Affluent,SAVINGS,TXN000367,20/06/2024,2875.14,Deposit,mobile app,Travel,0,999.0,Medium,0.0,0,TRUE,25.0,>1M,-1000.0,249268.1,Default,BR003,Completed,600.0
CUST01309,65-200,M,ZA,SME,CURRENT,TXN000012,14/12/2024,910.6,Airtime,ATM,Utilities,Yes,-50.0,Low,1.0,,Yes,9999.0,,,35269.41,Late,BR005,Completed,
CUST01034,26-35,M,ZA,Affluent,CURRENT,TXN000010,15/05/2024,510.82,Transfer,Mobile App,Groceries,0,-50.0,low,3.0,Yes,FALSE,9999.0,>1M,,747765.01,current,BR001,Completed,-2.0
CUST01129,36-45,F,UG,,WALLET,TXN000417,24/12/2024,5396.17,Deposit,Mobile App,Travel,No,999.0,Med,-1.0,Yes,TRUE,44.0,<50k,,436470.99,,BR002,Completed,
CUST01282,,F,TZ,Retail,SAVINGS,TXN000531,08/07/2024,658.1,Withdrawal,atm,,0,,Medium,-1.0,,FALSE,9999.0,50k-150k,308148.32,72942.2,Late,BR003,Completed,-2.0
CUST01052,46-55,F,TZ,,WALLET,TXN000102,02/04/2024,8514.16,Withdrawal,Mobile App,,1,,Med,3.0,1,Yes,9999.0,500k-1M,,577945.62,Default,BR004,Pending,
CUST01074,46-55,M,ZA,,SAVINGS,TXN000035,08/10/2024,3338.18,deposit,Internet Banking,Utilities,1,,low,3.0,,FALSE,9999.0,150k-500k,-1000.0,114494.18,current,BR003,Reversed,-2.0
CUST01015,26-35,M,EG,,CURRENT,TXN000520,08/13/2024,7898.16,deposit,POS,Fuel,,1500.0,HIGH,,N,Yes,24.0,500k-1M,481384.13,379897.43,Current,BR003,Pending,4.4
CUST01168,,M,UG,,SAVINGS,TXN000034,10/12/2024,3942.55,Deposit,ATM,Restaurants,0,-50.0,Low,3.0,Yes,No,9999.0,150k-500k,460464.55,597413.09,Default,BR003,Reversed,3.53
CUST01104,18-25,M,RW,,SAVINGS,TXN000566,04/03/2024,3062.71,Transfer,Branch,,Yes,-50.0,Low,,No,No,47.0,<50k,109235.23,29292.69,Default,br007,completed,600.0
CUST01227,56-65,M,UG,Student,SAVINGS,TXN000133,16/02/2024,3169.95,Withdrawal,Branch,Retail,0,,HIGH,1.0,N,Yes,9999.0,50k-150k,-1000.0,560581.08,Default,BR-006,Reversed,3.41
CUST01251,18-25,M,TZ,SME,CURRENT,TXN000338,02/02/2024,1451670,Airtime,Branch,Fuel,0,-50.0,Med,1.0,Y,TRUE,9999.0,500k-1M,,190601.78,Current,BR001,completed,600.0
CUST01003,65-200,F,GH,,SAVINGS,TXN000569,09/19/2024,143.05,Airtime,POS,Education,1,730.0,Medium,-1.0,No,No,4.0,>1M,,183405.7,current,BR-006,completed,-2.0
CUST01281,18-25,M,RW,Corporate,WALLET,TXN000335,2024-13-45,1571.5,Payment,atm,Retail,No,-50.0,High,0.0,Yes,Yes,50.0,500k-1M,,400000.75,Current,br007,Reversed,
CUST01139,56-65,M,RW,SME,WALLET,TXN000029,09/08/2024,,Withdrawal,mobile app,Misc,0,999.0,low,0.0,Yes,No,9999.0,<50k,293561.47,799657.93,,BR003,Reversed,-2.0
CUST01388,56-65,F,NG,SME,CURRENT,TXN000272,07/11/2024,-9312.07,Airtime,atm,Restaurants,No,999.0,Med,2.0,0,,,500k-1M,,727384.68,Late,BR003,Completed,-2.0
CUST01119,36-45,M,EG,,CURRENT,TXN000296,23/04/2024,"NGN 1,779.48",Airtime,Internet Banking,Healthcare,1,-50.0,High,-1.0,Y,No,6.0,<50k,35674.34,436820.85,Default,BR003,Pending,-2.0
CUST01079,,F,TZ,,CURRENT,TXN000175,12/07/2024,1143.92,deposit,Internet Banking,Retail,0,646.0,Low,1.0,0,No,9999.0,500k-1M,395733.12,390274.31,LATE,BR004,completed,-2.0
CUST01305,36-45,F,UG,Retail,CURRENT,TXN000015,10/11/2024,5215.84,deposit,Mobile App,Retail,No,823.0,HIGH,3.0,No,TRUE,9999.0,150k-500k,-1000.0,740460.13,LATE,BR004,Pending,
CUST01064,65-200,F,GH,Affluent,CURRENT,TXN000548,13/03/2024,1327.79,Withdrawal,POS,Utilities,0,-50.0,Low,,N,FALSE,26.0,<50k,-1000.0,754062.98,Default,BR004,Failed,-2.0
CUST01135,56-65,F,RW,Student,CURRENT,TXN000542,11/11/2024,989.2,Airtime,Internet Banking,Misc,1,1500.0,Med,0.0,0,FALSE,,,,680475.06,current,BR005,Pending,-2.0
CUST01082,46-55,M,KE,,CURRENT,TXN000418,20/06/2024,879.43,Transfer,Internet Banking,Telecom,No,416.0,High,2.0,No,,31.0,>1M,-1000.0,334517.87,LATE,BR002,completed,0.17
CUST01132,56-65,F,GH,,CURRENT,TXN000236,25/10/2024,631.94,Withdrawal,POS,Restaurants,0,999.0,Med,0.0,Y,TRUE,9999.0,150k-500k,,38971.92,Default,BR-006,Pending,2.4
CUST01071,26-35,M,KE,Retail,SAVINGS,TXN000232,22/11/2024,100.43,Deposit,mobile app,Fuel,,1500.0,low,0.0,Y,Yes,9999.0,150k-500k,-1000.0,177715.09,current,BR005,completed,-2.0
CUST01287,,M,TZ,SME,CURRENT,TXN000426,24/02/2024,1670.87,Withdrawal,USSD,Misc,Yes,-50.0,Med,0.0,Yes,Yes,9999.0,50k-150k,,472918.82,LATE,br007,Failed,
CUST01420,46-55,M,ZA,SME,CURRENT,TXN000305,06/06/2024,996.76,Deposit,mobile app,Misc,0,,High,2.0,1,Yes,,<50k,-1000.0,151638.03,,BR002,Reversed,600.0
CUST01035,65-200,F,ZA,SME,WALLET,TXN000309,10/04/2024,4024.5,Transfer,atm,Misc,1,,Medium,0.0,1,,53.0,150k-500k,118155.06,340991.85,,BR001,Pending,
CUST01356,,F,EG,Student,SAVINGS,TXN000557,12/02/2024,28949.18,Deposit,Mobile App,Retail,,721.0,High,0.0,N,TRUE,,150k-500k,203435.44,785003.09,Current,BR002,completed,2.69
CUST01178,65-200,F,UG,Student,CURRENT,TXN000322,10/08/2024,298.13,Withdrawal,Branch,Fuel,No,,Med,0.0,No,TRUE,9999.0,50k-150k,432927.72,679847.78,LATE,BR-006,Completed,600.0
CUST01343,36-45,F,ZA,Affluent,WALLET,TXN000147,11/07/2024,7223.39,Deposit,mobile app,Misc,0,745.0,Low,0.0,N,TRUE,2.0,>1M,36624.01,635371.83,Current,BR-006,completed,
CUST01122,26-35,F,NG,,CURRENT,TXN000006,13/05/2024,8415.25,deposit,POS,Education,1,1500.0,HIGH,-1.0,1,No,9999.0,500k-1M,-1000.0,132101.57,Current,BR002,Failed,600.0
CUST01087,46-55,F,TZ,,WALLET,TXN000064,23/02/2024,,Deposit,Internet Banking,Education,0,-50.0,low,,No,,9999.0,500k-1M,,711197.51,,BR002,Pending,-2.0
CUST01351,,F,EG,,CURRENT,TXN000075,25/11/2024,4072.31,Airtime,Mobile App,Healthcare,0,-50.0,low,0.0,No,FALSE,,>1M,-1000.0,298899.87,LATE,BR003,Completed,600.0
CUST01042,18-25,M,TZ,Corporate,SAVINGS,TXN000101,2024-13-45,212.71,Withdrawal,atm,Utilities,1,1500.0,Medium,,Yes,Yes,,500k-1M,-1000.0,180952.69,Current,BR-006,Completed,5.47
CUST01231,18-25,M,ZA,Student,CURRENT,TXN000042,20/05/2024,5196.7,deposit,POS,Travel,Yes,999.0,HIGH,,Yes,Yes,,>1M,213136.81,392215.08,Default,BR004,completed,7.29
CUST01129,65-200,F,NG,SME,SAVINGS,TXN000057,02/08/2024,6214.5,Transfer,Branch,Groceries,,-50.0,Medium,0.0,Yes,TRUE,,<50k,406754.43,664306.93,Default,BR003,completed,600.0
CUST01195,36-45,M,NG,Student,WALLET,TXN000014,11/09/2024,1006.35,Deposit,Mobile App,Retail,0,999.0,Medium,-1.0,,No,14.0,>1M,,262609.56,Default,BR001,Completed,-2.0
CUST01097,56-65,M,EG,Affluent,CURRENT,TXN000474,02/28/2024,5655,deposit,USSD,,1,-50.0,HIGH,0.0,Yes,Yes,9999.0,<50k,-1000.0,323709.67,Default,BR002,Reversed,-2.0
CUST01024,36-45,M,KE,Corporate,CURRENT,TXN000274,19/12/2024,1415.07,deposit,Internet Banking,Travel,0,999.0,HIGH,-1.0,0,,9999.0,,-1000.0,532416.44,Late,BR001,Pending,
CUST01405,46-55,F,GH,Retail,CURRENT,TXN000103,03/10/2024,"NGN 1,297.21",Airtime,ATM,Restaurants,0,591.0,High,0.0,1,,32.0,50k-150k,,516935.82,,br007,completed,
CUST01324,65-200,M,EG,Affluent,CURRENT,TXN000361,18/08/2024,21494.94,Payment,Mobile App,Fuel,0,406.0,low,3.0,N,Yes,9999.0,<50k,-1000.0,79761.66,Default,br007,Reversed,3.61
CUST01356,36-45,F,NG,Student,SAVINGS,TXN000312,01-Mar-24,10442.9,Deposit,Mobile App,Misc,0,1500.0,Med,-1.0,Y,Yes,9999.0,500k-1M,,484348.51,,BR-006,completed,
CUST01125,65-200,F,NG,SME,WALLET,TXN000079,18/01/2024,2311.87,Airtime,Internet Banking,Misc,0,,Med,0.0,,,9999.0,500k-1M,-1000.0,654705.99,current,BR004,Completed,
CUST01074,65-200,M,NG,Retail,WALLET,TXN000143,11/11/2024,912.63,Airtime,ATM,Groceries,1,1500.0,Med,3.0,,,55.0,150k-500k,-1000.0,311109.33,Late,BR005,Reversed,-2.0
CUST01361,65-200,M,RW,Student,WALLET,TXN000422,01/03/2024,1494.48,WITHDRAWAL,POS,Education,0,843.0,Med,0.0,0,TRUE,45.0,150k-500k,-1000.0,353317.45,LATE,BR004,Failed,-2.0
CUST01174,56-65,F,TZ,Corporate,CURRENT,TXN000139,16/03/2024,6784.1,Withdrawal,mobile app,Utilities,Yes,-50.0,High,,0,TRUE,,>1M,-1000.0,177397.69,Late,BR002,Completed,-2.0
CUST01050,18-25,F,GH,Retail,SAVINGS,TXN000553,25-Feb-24,740.61,WITHDRAWAL,USSD,Telecom,0,1500.0,Low,2.0,No,No,23.0,500k-1M,,247593.94,Default,BR001,completed,4.38
CUST01057,46-55,M,RW,Corporate,CURRENT,TXN000460,02/06/2024,29.13,Withdrawal,Branch,Telecom,,709.0,HIGH,1.0,Y,Yes,9999.0,<50k,-1000.0,67561.18,Late,BR005,Failed,600.0
CUST01226,18-25,M,ZA,Student,CURRENT,TXN000533,15/02/2024,NGN 624.35,deposit,ATM,Travel,No,,HIGH,0.0,No,TRUE,,150k-500k,-1000.0,232543.05,Default,BR004,Completed,600.0
CUST01376,46-55,M,EG,Corporate,CURRENT,TXN000257,02-Sep-24,-400.52,Airtime,Internet Banking,Retail,Yes,,Medium,1.0,1,,9999.0,>1M,404926.48,202925.51,,BR003,Reversed,-2.0
CUST01291,26-35,F,GH,Student,SAVINGS,TXN000598,28/09/2024,2959.59,Deposit,Internet Banking,Telecom,0,478.0,Low,1.0,1,FALSE,9999.0,150k-500k,-1000.0,472506.17,Current,BR005,Failed,-2.0
CUST01348,36-45,M,RW,Corporate,WALLET,TXN000386,15/02/2024,2265.03,Payment,mobile app,Telecom,0,,Low,0.0,1,,,150k-500k,,534028.42,,BR001,completed,600.0
CUST01344,,F,GH,Retail,SAVINGS,TXN000142,05/07/2024,2803.86,Deposit,ATM,Fuel,,630.0,High,3.0,N,,9999.0,50k-150k,-1000.0,598294.98,Default,BR-006,Pending,-2.0
CUST01018,,M,EG,Corporate,SAVINGS,TXN000497,01/26/2024,1635.69,Withdrawal,Mobile App,Fuel,,1500.0,Low,0.0,Y,TRUE,35.0,50k-150k,,66644.9,Default,BR001,Failed,3.65
CUST01214,56-65,F,ZA,,SAVINGS,TXN000020,05/07/2024,990.88,WITHDRAWAL,atm,Telecom,,1500.0,Low,,0,FALSE,46.0,150k-500k,420252.83,784577.58,,BR003,Failed,600.0
CUST01049,46-55,F,TZ,Retail,SAVINGS,TXN000237,16/01/2024,51.93,Transfer,USSD,Restaurants,No,1500.0,Medium,1.0,No,Yes,13.0,500k-1M,251691.45,636085.39,current,BR005,Pending,4.51
CUST01322,56-65,M,KE,Student,WALLET,TXN000263,22/08/2024,"NGN 2,526.10",deposit,USSD,Restaurants,0,999.0,High,0.0,0,TRUE,53.0,>1M,,454828.55,Current,br007,completed,4.45
CUST01088,36-45,F,KE,,CURRENT,TXN000205,27/04/2024,10686.68,Withdrawal,ATM,Telecom,Yes,798.0,Med,1.0,1,Yes,,50k-150k,,55686.11,,BR005,Pending,600.0
CUST01292,26-35,M,ZA,Retail,CURRENT,TXN000498,01/02/2024,,Payment,Branch,Fuel,1,999.0,Low,0.0,1,FALSE,,,393065.82,490052.15,Current,BR004,Pending,
CUST01076,26-35,F,NG,Student,SAVINGS,TXN000402,14/12/2024,3756.58,Airtime,Mobile App,Healthcare,,-50.0,Low,0.0,N,,9999.0,>1M,,610089.47,,BR-006,completed,5.23
CUST01154,,F,NG,Retail,SAVINGS,TXN000026,19/02/2024,1282.54,deposit,ATM,Telecom,Yes,,Medium,0.0,,Yes,,>1M,,272564.75,Default,BR001,Failed,-2.0
CUST01280,65-200,F,RW,Student,SAVINGS,TXN000576,24/11/2024,8496.22,Transfer,mobile app,Retail,0,1500.0,Medium,3.0,0,Yes,,<50k,-1000.0,52424.44,Late,BR004,Failed,-2.0
CUST01070,,F,GH,SME,WALLET,TXN000190,20/01/2024,1026.15,deposit,mobile app,Restaurants,No,999.0,low,0.0,0,No,48.0,>1M,,693703.2,LATE,BR005,completed,-2.0
CUST01041,,F,ZA,Corporate,CURRENT,TXN000313,13/12/2024,725.24,deposit,USSD,Groceries,No,-50.0,Medium,3.0,Y,FALSE,9999.0,500k-1M,434708.98,508944.2,Current,BR001,Completed,-2.0
CUST01198,46-55,F,UG,SME,SAVINGS,TXN000095,16/03/2024,1710.38,deposit,Internet Banking,Healthcare,1,999.0,Medium,,No,TRUE,7.0,500k-1M,152690.0,298644.86,Default,BR002,Failed,600.0
CUST01052,65-200,M,EG,Retail,WALLET,TXN000345,08/02/2024,2866.01,Deposit,USSD,Restaurants,0,445.0,Low,0.0,No,FALSE,24.0,>1M,,180707.51,Default,BR001,Pending,600.0
CUST01377,36-45,F,NG,Corporate,CURRENT,TXN000320,05/08/2024,255.53,Airtime,USSD,Telecom,,1500.0,Med,-1.0,Y,No,9999.0,,300808.82,85268.74,LATE,BR001,completed,600.0
CUST01006,65-200,F,GH,Retail,CURRENT,TXN000265,21/03/2024,2465.95,Withdrawal,mobile app,Misc,,999.0,HIGH,,0,FALSE,,50k-150k,43817.57,11100.73,Current,BR003,Reversed,0.98
CUST01040,36-45,F,EG,Affluent,WALLET,TXN000535,04/01/2024,645.51,WITHDRAWAL,Branch,,0,999.0,Med,0.0,N,TRUE,9999.0,<50k,33389.45,496755.72,Current,br007,Completed,
CUST01157,,M,RW,Student,SAVINGS,TXN000527,08/06/2024,1951.65,Airtime,Branch,Restaurants,,1500.0,High,0.0,0,FALSE,9999.0,50k-150k,-1000.0,50347.5,Default,BR005,Reversed,-2.0
CUST01183,56-65,M,GH,Retail,WALLET,TXN000304,12/04/2024,5012.82,Withdrawal,Branch,Utilities,Yes,,Low,,Yes,,9999.0,500k-1M,358205.22,312494.71,Current,BR001,Pending,2.54
CUST01084,36-45,M,NG,Retail,SAVINGS,TXN000540,25/08/2024,631.01,Payment,mobile app,Healthcare,0,576.0,Low,3.0,No,,23.0,,,638808.94,current,BR-006,completed,-2.0
CUST01014,36-45,F,UG,Student,CURRENT,TXN000507,04/01/2024,1839.46,Deposit,POS,Healthcare,No,1500.0,low,3.0,No,,,150k-500k,,364754.59,Late,BR003,Reversed,600.0
CUST01405,56-65,F,GH,Corporate,WALLET,TXN000277,27/12/2024,6126.07,Airtime,Internet Banking,Telecom,0,999.0,HIGH,0.0,,FALSE,0.0,,273768.65,696341.23,,br007,Reversed,-2.0
CUST01380,18-25,F,ZA,,SAVINGS,TXN000459,14/06/2024,201.87,Withdrawal,Branch,Utilities,No,,HIGH,3.0,,Yes,5.0,150k-500k,-1000.0,579614.67,,BR003,completed,
CUST01138,65-200,M,EG,Retail,SAVINGS,TXN000397,20/01/2024,1429.06,WITHDRAWAL,POS,Retail,No,999.0,HIGH,2.0,Yes,FALSE,,50k-150k,22207.78,303461.58,Current,BR003,completed,5.31
CUST01045,56-65,F,KE,Affluent,SAVINGS,TXN000184,04/07/2024,2134.89,deposit,POS,Telecom,,999.0,Med,3.0,0,Yes,,<50k,,492976.8,Current,BR-006,Completed,600.0
CUST01072,65-200,F,EG,Student,CURRENT,TXN000202,15/12/2024,751.47,Airtime,POS,Retail,Yes,-50.0,High,0.0,No,Yes,9999.0,50k-150k,,43039.9,LATE,br007,completed,
CUST01015,18-25,M,NG,Affluent,CURRENT,TXN000513,04/01/2024,11733.82,Transfer,Internet Banking,Retail,No,1500.0,low,,1,No,6.0,50k-150k,-1000.0,152628.36,Current,BR-006,Completed,-2.0
CUST01144,36-45,M,UG,Student,CURRENT,TXN000051,10/06/2024,5957.12,deposit,mobile app,Telecom,1,999.0,HIGH,1.0,Yes,,,,-1000.0,681253.01,Current,BR003,completed,
CUST01061,,M,ZA,Retail,WALLET,TXN000561,15/04/2024,4966.26,Withdrawal,Internet Banking,Misc,1,555.0,Low,,N,No,,150k-500k,-1000.0,2254.13,Default,BR004,Reversed,1.76
CUST01148,18-25,M,EG,SME,WALLET,TXN000494,05/01/2024,6484.75,Payment,atm,Travel,No,,low,0.0,1,,26.0,50k-150k,-1000.0,375654.14,Current,BR005,Pending,
CUST01371,18-25,M,EG,SME,CURRENT,TXN000283,10/16/2024,947.2,Deposit,ATM,Misc,0,999.0,Medium,-1.0,0,FALSE,17.0,500k-1M,,273303.84,current,BR-006,Reversed,-2.0
CUST01165,65-200,F,TZ,Retail,SAVINGS,TXN000359,14/04/2024,652.46,deposit,Internet Banking,,,1500.0,low,0.0,,FALSE,9999.0,50k-150k,,754659.0,Default,BR002,Failed,600.0
CUST01365,18-25,F,RW,Student,CURRENT,TXN000592,25-Feb-24,5178.82,WITHDRAWAL,USSD,Groceries,0,,low,1.0,Yes,,51.0,>1M,,579990.53,LATE,BR005,Pending,600.0
CUST01279,26-35,F,NG,Retail,CURRENT,TXN000366,09/03/2024,2950.47,Transfer,atm,Fuel,0,,Low,3.0,Yes,,32.0,150k-500k,,91830.77,LATE,BR005,Pending,-2.0
CUST01282,,M,NG,Retail,WALLET,TXN000575,04/09/2024,217.98,Airtime,ATM,Retail,Yes,-50.0,Med,3.0,Y,Yes,9999.0,,-1000.0,147813.14,Default,br007,Failed,-2.0
CUST01016,,F,ZA,Retail,SAVINGS,TXN000028,20/05/2024,4909.73,deposit,USSD,Education,0,764.0,Low,1.0,,,42.0,500k-1M,-1000.0,179847.56,LATE,BR003,Reversed,-2.0
CUST01381,65-200,F,RW,Student,CURRENT,TXN000124,07/08/2024,,WITHDRAWAL,mobile app,Education,0,999.0,HIGH,-1.0,N,Yes,55.0,150k-500k,-1000.0,354488.49,Current,BR005,Failed,-2.0
CUST01313,26-35,F,NG,Student,WALLET,TXN000196,16/11/2024,3388.62,Payment,Internet Banking,,Yes,841.0,Medium,,0,,9999.0,,-1000.0,678238.38,Default,BR002,Completed,-2.0
CUST01144,26-35,F,EG,Retail,SAVINGS,TXN000511,24/02/2024,2860.59,WITHDRAWAL,Branch,Fuel,0,-50.0,HIGH,1.0,No,TRUE,,,-1000.0,228305.38,LATE,BR003,Failed,600.0
CUST01200,56-65,F,GH,Student,CURRENT,TXN000300,07/05/2024,553.09,Deposit,Internet Banking,Education,0,1500.0,Low,0.0,,No,,500k-1M,-1000.0,379824.02,current,br007,Failed,-2.0
CUST01019,26-35,M,NG,Affluent,CURRENT,TXN000073,01/03/2024,3356.97,deposit,POS,Retail,Yes,999.0,HIGH,,1,,31.0,,,218269.67,Late,BR002,completed,-2.0
CUST01078,,M,NG,,SAVINGS,TXN000364,21/03/2024,,Deposit,Mobile App,Utilities,,1500.0,low,0.0,No,No,19.0,>1M,267708.61,581050.1,Current,BR001,Failed,600.0
CUST01259,26-35,F,KE,Affluent,SAVINGS,TXN000541,14/03/2024,10809.12,Airtime,USSD,Fuel,0,999.0,Low,0.0,,No,9999.0,<50k,,176190.04,Late,br007,Completed,0.45
CUST01244,26-35,M,EG,Retail,SAVINGS,TXN000377,19/08/2024,746.44,Deposit,atm,Fuel,,,low,2.0,No,Yes,,<50k,213961.27,142012.04,Current,br007,Completed,2.18
CUST01025,,F,KE,Student,SAVINGS,TXN000195,04/03/2024,20291.22,deposit,USSD,Restaurants,0,-50.0,HIGH,2.0,0,,23.0,500k-1M,,258257.48,current,BR002,Failed,7.19
CUST01111,18-25,M,EG,Corporate,CURRENT,TXN000381,2024-13-45,218.64,Airtime,Mobile App,Retail,0,999.0,Medium,0.0,Y,No,,<50k,-1000.0,532260.8,,BR003,Failed,
CUST01221,36-45,M,TZ,Student,SAVINGS,TXN000248,07/19/2024,2139.89,deposit,ATM,Healthcare,0,1500.0,Medium,0.0,0,,55.0,150k-500k,288421.65,528644.97,,BR002,Failed,600.0
CUST01310,26-35,M,NG,Student,WALLET,TXN000480,12/04/2024,4591760,Deposit,Internet Banking,,0,-50.0,High,0.0,Y,FALSE,19.0,>1M,-1000.0,450691.76,Late,BR004,Failed,
CUST01307,46-55,M,TZ,Corporate,CURRENT,TXN000291,06/07/2024,3829.53,WITHDRAWAL,ATM,Restaurants,Yes,466.0,Low,-1.0,Yes,FALSE,14.0,<50k,-1000.0,184219.21,Default,BR001,completed,
CUST01352,36-45,F,KE,Student,WALLET,TXN000246,26/02/2024,486.28,Payment,Mobile App,Misc,Yes,633.0,Medium,,,FALSE,9999.0,150k-500k,,16321.82,,BR005,Pending,3.81
CUST01371,18-25,M,TZ,SME,CURRENT,TXN000180,01/25/2024,3312.61,WITHDRAWAL,USSD,Healthcare,Yes,999.0,HIGH,2.0,N,Yes,46.0,>1M,-1000.0,13041.96,current,BR005,Failed,-2.0
CUST01381,46-55,M,EG,Retail,SAVINGS,TXN000465,15/04/2024,1645.46,WITHDRAWAL,Mobile App,Utilities,Yes,999.0,HIGH,-1.0,1,FALSE,42.0,,,610615.46,Default,BR002,Pending,-2.0
CUST01241,65-200,F,ZA,Affluent,SAVINGS,TXN000469,23/12/2024,1419.98,WITHDRAWAL,atm,Retail,1,,Medium,-1.0,0,TRUE,,>1M,474743.95,305201.37,Current,BR001,completed,7.14
CUST01075,18-25,M,RW,,CURRENT,TXN000266,28/07/2024,88.23,Payment,USSD,Groceries,Yes,1500.0,low,2.0,Yes,FALSE,37.0,500k-1M,-1000.0,663560.61,,BR005,completed,-2.0
CUST01201,26-35,M,TZ,Retail,CURRENT,TXN000207,16/12/2024,2083.72,deposit,mobile app,Telecom,Yes,,Low,0.0,No,,,50k-150k,419981.34,230776.7,LATE,br007,Reversed,
CUST01351,,M,GH,Retail,SAVINGS,TXN000522,24/03/2024,888.19,Airtime,ATM,Education,0,1500.0,low,-1.0,N,Yes,19.0,150k-500k,-1000.0,466855.85,LATE,BR004,Completed,600.0
CUST01136,18-25,M,UG,Retail,CURRENT,TXN000085,28/08/2024,1867.56,Payment,POS,,0,,Low,,,Yes,9999.0,>1M,379792.93,324222.64,Current,BR002,Failed,600.0
CUST01189,,F,GH,SME,WALLET,TXN000013,11/12/2024,545.32,WITHDRAWAL,mobile app,Misc,0,999.0,Med,,No,Yes,9999.0,50k-150k,,779069.62,Default,BR002,Completed,
CUST01088,18-25,F,EG,Retail,SAVINGS,TXN000238,19/09/2024,5457.51,Deposit,atm,Utilities,0,,High,1.0,No,No,8.0,<50k,212402.54,62188.24,Current,BR003,Completed,600.0
CUST01027,,F,GH,Retail,WALLET,TXN000571,05/04/2024,6416.67,WITHDRAWAL,Branch,Misc,1,-50.0,Low,0.0,1,,,>1M,262537.94,207726.58,Late,BR005,Reversed,
CUST01046,46-55,F,ZA,Corporate,CURRENT,TXN000251,18-Jun-24,5934.59,Payment,atm,Misc,No,,Medium,0.0,No,Yes,11.0,150k-500k,,326700.44,Late,BR003,Reversed,6.92
CUST01184,,M,TZ,SME,SAVINGS,TXN000135,09/08/2024,5365900,WITHDRAWAL,mobile app,Education,0,346.0,low,,0,No,,,-1000.0,214647.52,Late,BR001,Failed,-2.0
CUST01169,26-35,F,EG,Affluent,WALLET,TXN000421,10/06/2024,,Airtime,Mobile App,Fuel,1,,HIGH,-1.0,1,No,9.0,500k-1M,237732.0,258670.3,,br007,Reversed,7.18
CUST01083,46-55,F,EG,,CURRENT,TXN000126,08/01/2024,1342.28,Transfer,USSD,Misc,0,-50.0,High,-1.0,No,No,43.0,500k-1M,,410624.99,,br007,Pending,6.93
CUST01061,,M,NG,Student,WALLET,TXN000047,21/12/2024,5497.69,Payment,USSD,Utilities,0,-50.0,low,3.0,1,TRUE,,<50k,430882.18,348975.68,Default,BR002,completed,3.73
CUST01349,26-35,M,EG,SME,SAVINGS,TXN000005,01-Sep-24,473.12,Airtime,POS,Education,0,764.0,Low,3.0,,No,32.0,<50k,,673335.48,Default,br007,Pending,
CUST01311,18-25,F,RW,SME,SAVINGS,TXN000194,05/01/2024,977.85,WITHDRAWAL,ATM,Misc,Yes,1500.0,HIGH,0.0,1,,0.0,>1M,,495812.83,Default,BR003,Completed,
CUST01320,36-45,F,ZA,Student,SAVINGS,TXN000499,2024-13-45,6805.14,deposit,Mobile App,Fuel,0,-50.0,Medium,2.0,Y,,55.0,150k-500k,-1000.0,5050.71,Late,BR002,Reversed,
CUST01044,26-35,F,EG,Affluent,CURRENT,TXN000326,20/06/2024,353.62,Airtime,Branch,Utilities,0,999.0,Med,2.0,0,Yes,,<50k,-1000.0,723695.61,Late,BR001,Failed,600.0
CUST01405,46-55,F,GH,Retail,CURRENT,TXN000103,03/10/2024,"NGN 1,297.21",Airtime,ATM,Restaurants,0,591.0,High,0.0,1,,32.0,50k-150k,,516935.82,,br007,completed,
CUST01310,18-25,M,GH,Corporate,WALLET,TXN000065,07/08/2024,7907.11,WITHDRAWAL,Internet Banking,Restaurants,0,1500.0,HIGH,-1.0,Y,,35.0,,,98017.53,Default,BR002,Failed,
CUST01196,18-25,M,ZA,SME,WALLET,TXN000033,03/03/2024,178.51,Payment,USSD,Restaurants,0,1500.0,HIGH,2.0,Yes,No,9999.0,,165997.35,699352.3,,BR-006,Completed,600.0
CUST01312,18-25,F,ZA,Affluent,CURRENT,TXN000505,23/05/2024,2682.32,Withdrawal,POS,Groceries,1,999.0,low,2.0,,No,,50k-150k,,370151.41,Late,BR-006,Completed,-2.0
CUST01295,46-55,F,NG,Retail,WALLET,TXN000279,01/11/2024,5554.12,Payment,Internet Banking,Travel,0,319.0,Low,0.0,Y,No,9999.0,>1M,-1000.0,355383.58,Default,BR004,Pending,-2.0
CUST01341,18-25,M,EG,,CURRENT,TXN000568,27/05/2024,755.3,deposit,mobile app,Telecom,0,,Med,-1.0,No,No,,<50k,-1000.0,359573.61,Late,BR004,Reversed,4.99
CUST01205,26-35,F,TZ,Affluent,CURRENT,TXN000112,13/01/2024,3492.2,deposit,mobile app,Telecom,1,376.0,High,0.0,0,FALSE,51.0,50k-150k,,98022.13,Late,BR003,Pending,7.54
CUST01149,46-55,F,TZ,SME,WALLET,TXN000440,04/02/2024,,Payment,Branch,Fuel,,-50.0,Low,3.0,N,FALSE,48.0,>1M,,445151.59,Default,BR002,Failed,
CUST01144,65-200,F,GH,SME,CURRENT,TXN000410,22/09/2024,"NGN 4,028.94",Withdrawal,USSD,Fuel,0,,High,2.0,Yes,FALSE,9999.0,,104273.49,31050.18,,BR004,Reversed,600.0
CUST01023,56-65,F,UG,SME,CURRENT,TXN000108,04/05/2024,8382,Deposit,mobile app,Groceries,1,999.0,Medium,3.0,N,Yes,23.0,>1M,,591660.79,Default,BR-006,Completed,-2.0
CUST01140,18-25,F,GH,SME,SAVINGS,TXN000438,03/04/2024,-2785.11,Airtime,USSD,,0,,low,1.0,Yes,FALSE,13.0,>1M,-1000.0,103813.55,,BR-006,completed,-2.0
CUST01163,26-35,F,TZ,SME,SAVINGS,TXN000501,15/07/2024,3368.46,Payment,POS,Travel,,1500.0,low,,,FALSE,,500k-1M,,250779.74,,BR002,Failed,
CUST01179,18-25,F,ZA,SME,SAVINGS,TXN000420,06/05/2024,3964.29,Transfer,Mobile App,Telecom,No,999.0,HIGH,3.0,0,TRUE,9999.0,>1M,,448889.84,LATE,br007,Reversed,
CUST01158,,M,EG,Student,SAVINGS,TXN000478,06/12/2024,1058.8,deposit,Branch,Fuel,0,1500.0,HIGH,-1.0,1,,20.0,50k-150k,485444.26,569690.97,Late,BR001,Reversed,2.93
CUST01008,46-55,M,RW,Corporate,SAVINGS,TXN000226,25/07/2024,706.01,Transfer,Branch,Misc,Yes,1500.0,Low,-1.0,No,FALSE,,>1M,-1000.0,506721.84,Default,BR-006,Completed,6.9
CUST01072,46-55,M,EG,Corporate,CURRENT,TXN000327,05/12/2024,12625.76,Airtime,Branch,Utilities,,-50.0,Med,1.0,No,,27.0,,,305425.85,Default,BR-006,Failed,600.0
CUST01337,,M,NG,Affluent,SAVINGS,TXN000429,23/10/2024,4833.11,Payment,mobile app,Education,No,,Medium,2.0,Y,TRUE,41.0,150k-500k,,245020.5,LATE,BR003,completed,
CUST01092,,F,NG,Student,WALLET,TXN000114,06/03/2024,,Withdrawal,POS,Restaurants,Yes,587.0,HIGH,3.0,Y,,14.0,<50k,-1000.0,192922.24,LATE,BR-006,Pending,4.32
CUST01147,36-45,F,RW,,CURRENT,TXN000256,16/01/2024,557.96,Withdrawal,POS,Travel,0,999.0,Med,2.0,No,FALSE,50.0,50k-150k,,188388.5,LATE,BR004,Reversed,
CUST01327,56-65,M,UG,Student,SAVINGS,TXN000074,23/06/2024,"NGN 2,896.74",Withdrawal,ATM,Misc,0,,Low,2.0,Y,No,,500k-1M,,603005.32,Default,BR002,Reversed,-2.0
CUST01366,,F,TZ,Affluent,SAVINGS,TXN000252,07/09/2024,85.2,Transfer,Mobile App,Fuel,0,335.0,High,1.0,1,FALSE,9999.0,50k-150k,,722525.68,Late,BR004,Pending,
CUST01259,56-65,M,GH,Affluent,CURRENT,TXN000481,26/07/2024,,Payment,Mobile App,Misc,0,850.0,HIGH,1.0,Yes,TRUE,43.0,<50k,295053.16,720184.48,Default,BR002,Pending,
CUST01038,65-200,F,EG,,SAVINGS,TXN000372,19/04/2024,4658,Payment,atm,Retail,0,999.0,High,0.0,1,FALSE,7.0,,159666.34,602427.86,,BR002,Completed,600.0
CUST01336,26-35,F,TZ,Corporate,CURRENT,TXN000463,11/05/2024,2598.74,deposit,atm,Misc,0,,HIGH,3.0,No,No,9999.0,>1M,41094.49,573814.45,current,BR005,Pending,2.33
CUST01169,18-25,F,NG,Affluent,WALLET,TXN000462,09/15/2024,139.29,Withdrawal,ATM,Retail,No,717.0,low,-1.0,1,,10.0,500k-1M,,717750.96,Default,BR002,Pending,0.83
CUST01378,26-35,M,GH,SME,SAVINGS,TXN000457,18/06/2024,303.32,Payment,Branch,,No,1500.0,High,0.0,N,,18.0,,,15097.32,current,BR002,Failed,600.0
CUST01036,18-25,M,UG,SME,CURRENT,TXN000572,03/10/2024,5353.69,Deposit,Branch,Education,,999.0,Low,0.0,Yes,Yes,49.0,500k-1M,-1000.0,19365.77,current,BR-006,Pending,6.5
CUST01270,18-25,M,NG,Corporate,CURRENT,TXN000591,01/05/2024,333.98,Payment,atm,Education,0,999.0,HIGH,2.0,N,No,9999.0,150k-500k,-1000.0,759538.97,,BR002,Completed,
CUST01192,26-35,F,TZ,SME,SAVINGS,TXN000052,17/02/2024,4436.06,WITHDRAWAL,ATM,Misc,No,839.0,High,3.0,Y,Yes,,>1M,90131.46,273385.88,Late,BR005,Reversed,
CUST01118,56-65,M,UG,Student,CURRENT,TXN000094,15/04/2024,825.08,Deposit,USSD,Misc,0,705.0,low,2.0,1,FALSE,24.0,>1M,352367.81,222675.86,LATE,BR003,completed,5.66
CUST01379,,M,KE,,CURRENT,TXN000353,17/03/2024,6590.52,Airtime,POS,Education,0,1500.0,Medium,1.0,No,No,,150k-500k,-1000.0,74632.69,Default,BR003,completed,
CUST01034,,F,ZA,,SAVINGS,TXN000593,01/03/2024,905.93,Payment,Mobile App,Fuel,,999.0,low,,No,No,,50k-150k,-1000.0,741733.44,current,BR-006,Pending,
CUST01085,56-65,M,EG,Corporate,SAVINGS,TXN000247,16/09/2024,13950.65,Payment,Branch,Restaurants,0,-50.0,Low,1.0,Y,Yes,9999.0,,201013.68,499657.83,Default,BR005,Pending,7.67
CUST01079,,F,TZ,,CURRENT,TXN000175,12/07/2024,1143.92,deposit,Internet Banking,Retail,0,646.0,Low,1.0,0,No,9999.0,500k-1M,395733.12,390274.31,LATE,BR004,completed,-2.0
CUST01353,36-45,M,EG,Student,CURRENT,TXN000036,20/01/2024,7465.17,deposit,atm,Retail,1,1500.0,Medium,0.0,N,,9999.0,>1M,-1000.0,236184.6,Default,BR002,Failed,600.0
CUST01281,46-55,M,NG,Retail,CURRENT,TXN000508,06/09/2024,4157.54,deposit,Branch,Utilities,0,-50.0,High,,Y,TRUE,9999.0,150k-500k,-1000.0,44687.35,Default,BR001,Reversed,
CUST01344,65-200,M,TZ,Retail,CURRENT,TXN000425,20/05/2024,9446.15,Withdrawal,mobile app,Telecom,0,-50.0,Med,,N,FALSE,9999.0,,334820.59,154351.95,Current,BR003,Pending,
CUST01020,,F,ZA,Affluent,SAVINGS,TXN000475,07/10/2024,4404.72,Payment,Internet Banking,Healthcare,0,,HIGH,0.0,No,FALSE,41.0,500k-1M,,194944.16,LATE,BR005,Reversed,600.0
CUST01412,36-45,M,RW,Student,SAVINGS,TXN000450,04/08/2024,1160.06,WITHDRAWAL,Internet Banking,Education,0,1500.0,Low,1.0,1,FALSE,,150k-500k,,211359.92,current,BR004,Reversed,-2.0
CUST01316,56-65,F,GH,Retail,SAVINGS,TXN000489,19/08/2024,1850.51,deposit,mobile app,Retail,0,,Med,2.0,Yes,,,>1M,384347.72,685602.41,,BR004,Failed,6.12
CUST01280,65-200,F,KE,,CURRENT,TXN000119,10/11/2024,3605.91,Transfer,Branch,Utilities,No,794.0,Low,,No,,,500k-1M,78551.89,264875.66,current,BR005,Reversed,600.0
CUST01303,65-200,M,EG,Affluent,WALLET,TXN000512,16/03/2024,2492.84,Payment,USSD,Misc,0,-50.0,Medium,0.0,1,Yes,19.0,<50k,108211.78,688286.41,current,BR001,Completed,600.0
CUST01402,26-35,F,KE,Retail,SAVINGS,TXN000118,09/06/2024,5.13,Deposit,Mobile App,Restaurants,No,,Medium,2.0,N,TRUE,,500k-1M,,630984.0,Late,BR-006,Completed,
CUST01365,36-45,M,TZ,Corporate,CURRENT,TXN000328,04/09/2024,2176.75,Deposit,Mobile App,Travel,0,1500.0,Medium,3.0,No,Yes,17.0,500k-1M,-1000.0,438695.03,Current,br007,Completed,0.62
CUST01283,46-55,M,NG,,SAVINGS,TXN000585,17/01/2024,6060.94,Transfer,Mobile App,Retail,0,1500.0,High,2.0,Yes,No,9999.0,>1M,-1000.0,99309.7,Late,BR001,Reversed,-2.0
CUST01060,65-200,F,NG,SME,WALLET,TXN000158,16/09/2024,4251.58,Withdrawal,POS,Healthcare,,1500.0,HIGH,0.0,No,FALSE,9999.0,500k-1M,-1000.0,338849.24,Default,BR003,completed,-2.0
CUST01176,56-65,F,UG,Affluent,SAVINGS,TXN000080,08/07/2024,4766.97,Transfer,Branch,Restaurants,0,1500.0,Med,-1.0,1,FALSE,15.0,<50k,-1000.0,115481.4,,br007,Pending,3.76
CUST01085,,M,KE,Student,SAVINGS,TXN000022,26/10/2024,13377.84,Deposit,POS,Healthcare,No,999.0,low,2.0,0,No,9999.0,,-1000.0,194279.5,Default,BR001,completed,-2.0
CUST01232,26-35,F,TZ,Retail,SAVINGS,TXN000021,16/03/2024,5729.01,deposit,Mobile App,,1,999.0,Medium,2.0,Yes,,,500k-1M,112111.08,624986.44,LATE,BR003,Pending,5.25
CUST01160,36-45,F,TZ,,SAVINGS,TXN000447,16/06/2024,8022.05,Payment,ATM,Healthcare,Yes,-50.0,Medium,0.0,N,FALSE,9999.0,,,179860.14,Late,BR003,Completed,
CUST01269,,M,UG,,CURRENT,TXN000070,11/08/2024,12557.07,Payment,POS,Healthcare,,999.0,Med,,,TRUE,,150k-500k,96132.08,223205.12,Default,BR001,completed,-2.0
CUST01195,36-45,M,NG,Student,WALLET,TXN000014,11/09/2024,1006.35,Deposit,Mobile App,Retail,0,999.0,Medium,-1.0,,No,14.0,>1M,,262609.56,Default,BR001,Completed,-2.0
CUST01332,36-45,M,GH,,WALLET,TXN000355,22/05/2024,14256.84,Deposit,ATM,Fuel,No,999.0,Med,2.0,,,9999.0,>1M,,409983.4,Current,BR002,Completed,-2.0
CUST01309,36-45,F,UG,,WALLET,TXN000043,03/02/2024,6302,Payment,Mobile App,Restaurants,Yes,1500.0,Medium,0.0,N,TRUE,,>1M,-1000.0,76068.67,Current,BR005,completed,-2.0
CUST01396,65-200,M,EG,,SAVINGS,TXN000061,10/05/2024,966.1,WITHDRAWAL,Internet Banking,Misc,1,,Medium,0.0,,Yes,28.0,150k-500k,,797809.92,current,BR002,Completed,-2.0
CUST01273,36-45,F,UG,Retail,CURRENT,TXN000394,01/10/2024,-3216.28,Withdrawal,mobile app,Healthcare,No,,HIGH,,N,,8.0,<50k,-1000.0,786027.65,Current,br007,Failed,
CUST01406,,F,GH,Student,SAVINGS,TXN000156,20/10/2024,734.35,Deposit,Mobile App,Utilities,1,-50.0,low,0.0,N,FALSE,8.0,,-1000.0,687673.35,Late,BR005,completed,600.0
CUST01255,36-45,F,RW,Retail,SAVINGS,TXN000066,24/05/2024,8450.36,Transfer,mobile app,Restaurants,Yes,1500.0,Low,0.0,No,,22.0,500k-1M,,478015.02,Current,BR005,completed,600.0
CUST01055,46-55,M,ZA,Affluent,WALLET,TXN000092,23/10/2024,727.71,Airtime,Internet Banking,Restaurants,No,999.0,Low,0.0,Yes,Yes,16.0,500k-1M,-1000.0,446394.73,Current,BR003,Reversed,
CUST01144,36-45,M,EG,Affluent,CURRENT,TXN000365,06/01/2024,389.47,deposit,ATM,Utilities,No,,High,0.0,N,Yes,26.0,150k-500k,-1000.0,61050.15,,BR005,completed,600.0
CUST01180,65-200,F,NG,Affluent,CURRENT,TXN000484,01/10/2024,5365.9,Deposit,mobile app,Fuel,,-50.0,Med,,0,Yes,58.0,<50k,49325.37,713884.86,Default,BR001,Failed,5.73
CUST01067,,F,RW,Corporate,SAVINGS,TXN000594,10/07/2024,3159.63,Airtime,ATM,Utilities,0,685.0,low,0.0,N,Yes,9999.0,150k-500k,,211678.94,Default,BR001,Failed,
CUST01273,46-55,M,TZ,,WALLET,TXN000217,02/03/2024,7359.98,Withdrawal,ATM,,0,,Medium,3.0,Yes,FALSE,42.0,500k-1M,,717168.56,,BR001,completed,-2.0
CUST01130,18-25,F,GH,Corporate,CURRENT,TXN000586,19/06/2024,5645.94,Payment,Branch,Telecom,No,-50.0,High,-1.0,,TRUE,9999.0,>1M,-1000.0,596815.21,Current,BR003,Completed,600.0
CUST01080,36-45,F,GH,Student,WALLET,TXN000452,25/01/2024,12559.06,Payment,ATM,Travel,0,999.0,High,1.0,N,TRUE,23.0,,-1000.0,283146.86,Late,BR004,Pending,600.0
CUST01397,36-45,M,KE,,SAVINGS,TXN000324,13/03/2024,8006.84,Payment,mobile app,Retail,,1500.0,HIGH,0.0,Yes,Yes,5.0,50k-150k,-1000.0,726782.76,Current,BR003,Completed,600.0
CUST01341,65-200,M,RW,Student,CURRENT,TXN000278,10/12/2024,8049.99,Airtime,Mobile App,Misc,0,1500.0,HIGH,2.0,Y,,9999.0,<50k,-1000.0,221900.08,Late,BR005,completed,
CUST01092,46-55,F,RW,Affluent,CURRENT,TXN000343,2024-13-45,6762.55,Airtime,Internet Banking,Groceries,0,,HIGH,0.0,Y,No,56.0,<50k,-1000.0,486257.66,,BR004,Completed,0.65
CUST01329,56-65,F,NG,Corporate,SAVINGS,TXN000488,11/09/2024,1912.36,Deposit,Mobile App,Misc,0,817.0,Low,0.0,0,No,9999.0,500k-1M,360590.54,697069.85,current,BR005,Completed,
CUST01350,46-55,M,GH,Affluent,SAVINGS,TXN000262,15/06/2024,4380.72,deposit,Branch,Misc,Yes,,Med,2.0,N,FALSE,9999.0,,300170.37,605192.51,Late,BR004,completed,
CUST01159,,M,RW,Retail,CURRENT,TXN000173,08/08/2024,2492.13,deposit,ATM,Fuel,0,638.0,low,0.0,Y,FALSE,9999.0,,235073.39,716559.18,Current,BR005,Failed,600.0
CUST01395,56-65,F,EG,SME,WALLET,TXN000587,25/08/2024,12255.06,Payment,ATM,Misc,0,,low,1.0,,No,,50k-150k,-1000.0,768502.43,LATE,BR002,Pending,0.53
CUST01354,26-35,F,RW,SME,SAVINGS,TXN000086,22/07/2024,NGN 190.72,Airtime,POS,Travel,0,-50.0,Med,0.0,,TRUE,1.0,50k-150k,-1000.0,656721.91,LATE,BR-006,Completed,-2.0
CUST01118,,M,KE,Corporate,SAVINGS,TXN000153,13/03/2024,-1844.56,deposit,mobile app,Restaurants,,-50.0,HIGH,2.0,N,FALSE,56.0,,-1000.0,259256.89,Current,BR005,Pending,-2.0
CUST01287,26-35,M,ZA,Student,SAVINGS,TXN000588,18/01/2024,1576.78,WITHDRAWAL,Internet Banking,Travel,0,,HIGH,,1,Yes,,150k-500k,,768016.43,current,BR-006,Failed,7.11
CUST01207,26-35,M,KE,,SAVINGS,TXN000559,01/07/2024,691.74,deposit,USSD,,,553.0,Med,0.0,No,,44.0,50k-150k,315419.44,376252.54,,BR005,Failed,
CUST01282,36-45,F,RW,Retail,CURRENT,TXN000521,15/03/2024,3804740,Transfer,Internet Banking,Groceries,0,-50.0,High,3.0,N,Yes,32.0,>1M,-1000.0,452039.97,Default,BR004,Completed,6.43
CUST01340,65-200,M,TZ,Corporate,WALLET,TXN000231,10/22/2024,640.41,Withdrawal,atm,Restaurants,0,-50.0,Med,0.0,Yes,FALSE,,<50k,,742249.03,LATE,BR004,Completed,-2.0
CUST01199,36-45,M,NG,Student,WALLET,TXN000387,21/03/2024,138.71,Withdrawal,POS,Misc,,755.0,Med,0.0,N,FALSE,17.0,>1M,,400510.7,Default,BR004,Failed,
CUST01306,36-45,M,TZ,Retail,SAVINGS,TXN000470,08/08/2024,8141.28,Airtime,atm,Fuel,0,1500.0,HIGH,,Yes,TRUE,9999.0,500k-1M,,512212.34,LATE,BR003,Completed,-2.0
CUST01200,56-65,M,RW,,WALLET,TXN000213,10/12/2024,5301.75,Transfer,Branch,Groceries,,-50.0,Low,,0,No,9999.0,>1M,5288.99,665351.6,Current,BR001,completed,0.19
CUST01096,46-55,M,RW,SME,CURRENT,TXN000299,03/09/2024,1595,Payment,ATM,Restaurants,0,611.0,HIGH,0.0,0,,11.0,<50k,-1000.0,390890.66,Late,BR003,Reversed,1.57
CUST01340,18-25,F,TZ,Retail,CURRENT,TXN000556,18/05/2024,2148.22,WITHDRAWAL,mobile app,Retail,1,1500.0,Low,0.0,,Yes,9999.0,<50k,280706.14,474308.4,Current,BR003,Failed,-2.0
CUST01170,,F,TZ,Retail,CURRENT,TXN000030,08/14/2024,7800.2,Deposit,Branch,Healthcare,No,999.0,High,-1.0,,,,>1M,,258619.03,,BR-006,Reversed,600.0
CUST01336,,F,ZA,,CURRENT,TXN000214,09/06/2024,4925.03,Withdrawal,Mobile App,Retail,0,1500.0,Low,0.0,0,No,,500k-1M,233477.79,511024.41,,BR003,Completed,-2.0
CUST01032,46-55,M,KE,Retail,SAVINGS,TXN000220,23/02/2024,609.05,deposit,USSD,Travel,0,-50.0,Med,2.0,No,,2.0,500k-1M,-1000.0,489953.2,LATE,BR002,Failed,6.24
CUST01325,18-25,M,ZA,Corporate,CURRENT,TXN000467,07/05/2024,3113.27,deposit,Mobile App,Groceries,0,,low,0.0,N,TRUE,9999.0,50k-150k,,374403.32,Late,BR004,Failed,-2.0
CUST01337,46-55,F,GH,Corporate,SAVINGS,TXN000431,13/11/2024,8580.78,deposit,Branch,Education,0,,Med,-1.0,No,FALSE,9999.0,500k-1M,-1000.0,444278.58,,BR-006,Failed,6.23
CUST01168,46-55,M,UG,,SAVINGS,TXN000439,16-Nov-24,,Airtime,POS,Utilities,,999.0,Medium,-1.0,N,No,9999.0,,-1000.0,558180.29,current,BR003,Pending,-2.0
CUST01346,56-65,M,UG,Corporate,CURRENT,TXN000071,19/12/2024,6823.3,Withdrawal,Branch,Groceries,0,999.0,Med,1.0,0,Yes,,>1M,-1000.0,383263.41,Late,BR-006,Failed,-2.0
CUST01362,18-25,F,GH,,CURRENT,TXN000084,04/03/2024,987.29,Deposit,Internet Banking,Fuel,Yes,-50.0,Medium,,N,Yes,9999.0,>1M,275821.78,13380.92,current,BR003,Pending,-2.0
CUST01199,18-25,M,RW,Student,SAVINGS,TXN000206,27/09/2024,920.98,Transfer,Mobile App,Retail,0,-50.0,Low,2.0,0,TRUE,9999.0,50k-150k,-1000.0,323357.93,,BR-006,completed,-2.0
CUST01120,18-25,M,RW,Affluent,SAVINGS,TXN000393,14/06/2024,6552.63,Payment,USSD,Fuel,1,999.0,Low,2.0,1,,59.0,<50k,,757280.54,Current,br007,Failed,2.24
CUST01132,,F,ZA,Corporate,SAVINGS,TXN000286,16/08/2024,852.04,Transfer,ATM,Fuel,0,-50.0,Low,,1,FALSE,,150k-500k,-1000.0,41490.24,,BR005,Reversed,600.0
CUST01153,26-35,F,KE,Affluent,WALLET,TXN000544,14/07/2024,709.08,WITHDRAWAL,Branch,Retail,0,999.0,Medium,2.0,N,FALSE,,>1M,236587.07,267028.68,Late,BR003,Failed,-2.0
CUST01070,26-35,F,RW,Affluent,CURRENT,TXN000433,15/02/2024,181.03,WITHDRAWAL,Mobile App,Restaurants,No,999.0,Med,,No,FALSE,,,-1000.0,657020.01,Current,BR-006,Reversed,600.0
CUST01225,,F,RW,Affluent,SAVINGS,TXN000121,19/08/2024,1025.99,Withdrawal,atm,Retail,1,,Low,0.0,0,TRUE,9999.0,500k-1M,-1000.0,182010.21,LATE,BR001,completed,600.0
CUST01099,56-65,M,TZ,Retail,SAVINGS,TXN000067,26/06/2024,305.5,Payment,atm,Telecom,1,-50.0,HIGH,0.0,Yes,FALSE,,>1M,,603972.14,Late,BR003,completed,600.0
CUST01124,56-65,M,GH,SME,CURRENT,TXN000185,13/01/2024,55.31,Airtime,ATM,Retail,Yes,999.0,Medium,2.0,Yes,TRUE,9999.0,<50k,269002.73,437139.37,Default,BR002,completed,600.0
CUST01201,18-25,F,ZA,,SAVINGS,TXN000140,27/07/2024,6961.7,Airtime,atm,Healthcare,No,646.0,Medium,0.0,0,,,,-1000.0,764952.26,current,BR002,Failed,600.0
CUST01202,65-200,F,RW,,WALLET,TXN000004,13/07/2024,1230.89,Airtime,atm,Healthcare,No,-50.0,High,3.0,N,TRUE,14.0,>1M,254763.15,604625.73,Current,BR-006,Completed,
CUST01142,56-65,F,EG,Corporate,SAVINGS,TXN000388,03/07/2024,282.59,Deposit,ATM,Telecom,Yes,1500.0,Medium,3.0,0,No,9999.0,<50k,-1000.0,420347.13,LATE,BR001,Reversed,-2.0
CUST01163,65-200,M,GH,Affluent,SAVINGS,TXN000068,28/12/2024,18674.88,deposit,ATM,,,-50.0,low,3.0,,,,150k-500k,,379914.08,LATE,br007,completed,-2.0
CUST01107,46-55,M,UG,Retail,SAVINGS,TXN000428,06/11/2024,4153.92,Payment,Internet Banking,Education,,,HIGH,,1,,9999.0,150k-500k,397147.51,410617.96,Default,BR005,Reversed,
CUST01112,46-55,F,KE,SME,CURRENT,TXN000376,23/05/2024,9017.41,Airtime,USSD,Groceries,1,544.0,Low,1.0,No,,9999.0,50k-150k,,81043.42,current,BR-006,completed,-2.0
CUST01037,18-25,M,RW,,SAVINGS,TXN000288,28/05/2024,3927.04,Payment,mobile app,Utilities,0,387.0,HIGH,2.0,Y,Yes,50.0,500k-1M,,43831.06,Late,br007,completed,600.0
CUST01320,26-35,M,TZ,SME,SAVINGS,TXN000491,22/12/2024,11381.06,WITHDRAWAL,POS,Education,Yes,1500.0,HIGH,2.0,N,FALSE,,500k-1M,,106491.74,Default,BR-006,Pending,
CUST01238,65-200,M,EG,Retail,CURRENT,TXN000477,24/05/2024,2466.51,Deposit,atm,Travel,0,746.0,Med,0.0,1,FALSE,9999.0,50k-150k,,381301.16,,BR002,Reversed,5.68
CUST01043,18-25,F,EG,SME,SAVINGS,TXN000271,03/09/2024,5023.87,Deposit,POS,Restaurants,No,,low,-1.0,No,No,,50k-150k,,718452.21,,BR001,Reversed,-2.0
CUST01349,18-25,F,TZ,Retail,SAVINGS,TXN000316,25/12/2024,6789.74,WITHDRAWAL,Branch,Restaurants,0,1500.0,low,1.0,,TRUE,51.0,>1M,-1000.0,321446.69,LATE,BR-006,Reversed,
CUST01243,18-25,M,GH,Affluent,WALLET,TXN000514,06/07/2024,477.78,Deposit,ATM,Misc,0,-50.0,Low,1.0,Yes,,30.0,150k-500k,365717.01,172380.46,LATE,BR003,Reversed,600.0
CUST01394,26-35,M,TZ,,CURRENT,TXN000182,2024-13-45,8474.14,Airtime,Mobile App,Fuel,0,,low,,,FALSE,,150k-500k,,431943.78,,BR002,Failed,
CUST01222,26-35,M,UG,Corporate,CURRENT,TXN000398,08-Feb-24,6588.49,WITHDRAWAL,USSD,Restaurants,Yes,-50.0,HIGH,2.0,1,,9999.0,500k-1M,,373865.98,Current,BR005,Pending,
CUST01013,65-200,F,EG,SME,WALLET,TXN000045,06/06/2024,795.83,Transfer,USSD,Restaurants,,999.0,HIGH,0.0,No,No,9999.0,>1M,200392.17,592775.25,Current,BR001,Failed,7.78
CUST01419,56-65,F,KE,Student,SAVINGS,TXN000406,10/07/2024,9038.07,Transfer,mobile app,Restaurants,No,1500.0,Medium,1.0,N,No,9999.0,50k-150k,294040.44,185810.84,Current,br007,Failed,4.0
CUST01416,36-45,F,NG,SME,WALLET,TXN000395,28/06/2024,233.29,Withdrawal,atm,Retail,,589.0,High,1.0,1,No,18.0,>1M,,526066.26,Default,br007,Failed,5.29
CUST01228,46-55,M,ZA,Corporate,CURRENT,TXN000146,03/09/2024,12766.68,Deposit,Internet Banking,Healthcare,1,1500.0,HIGH,2.0,Y,,,<50k,-1000.0,657687.25,LATE,BR001,Failed,600.0
CUST01078,18-25,M,GH,,SAVINGS,TXN000510,17/06/2024,1560.04,WITHDRAWAL,Internet Banking,Travel,0,705.0,Medium,2.0,Yes,FALSE,35.0,50k-150k,-1000.0,28804.47,current,BR001,completed,600.0
CUST01306,65-200,F,TZ,Affluent,WALLET,TXN000411,08/11/2024,1400.6,Deposit,USSD,Retail,Yes,1500.0,HIGH,1.0,No,FALSE,7.0,50k-150k,,528490.29,,BR001,completed,600.0
CUST01089,,F,RW,SME,WALLET,TXN000443,01/02/2024,1558.71,deposit,ATM,Misc,Yes,,Med,2.0,No,,28.0,500k-1M,,400171.95,current,BR004,Reversed,-2.0
CUST01092,18-25,M,KE,Corporate,SAVINGS,TXN000530,14/05/2024,5710.54,Withdrawal,Branch,Fuel,0,342.0,HIGH,0.0,1,,17.0,>1M,-1000.0,549379.42,current,br007,Pending,1.72
CUST01109,65-200,M,UG,Retail,SAVINGS,TXN000009,28/09/2024,,Airtime,Internet Banking,Groceries,Yes,999.0,HIGH,1.0,N,,9999.0,<50k,243335.71,237366.26,Late,BR001,completed,7.75
CUST01172,46-55,F,NG,SME,CURRENT,TXN000024,16/12/2024,7613.97,Payment,ATM,Utilities,0,999.0,High,1.0,Y,,,50k-150k,-1000.0,758450.06,,BR-006,Failed,600.0
CUST01038,,F,GH,Corporate,CURRENT,TXN000163,03/02/2024,1506.77,deposit,atm,,0,,Low,2.0,0,No,9999.0,>1M,,165422.91,Current,br007,Reversed,
CUST01152,65-200,F,NG,SME,CURRENT,TXN000436,15/10/2024,,Deposit,Mobile App,Restaurants,0,,High,0.0,1,Yes,9999.0,<50k,,344880.44,Late,BR005,Completed,600.0
CUST01137,56-65,F,GH,Retail,WALLET,TXN000536,16/01/2024,6039.44,Withdrawal,Internet Banking,Fuel,0,,HIGH,3.0,No,No,50.0,150k-500k,162738.93,613079.7,current,br007,Pending,4.15
CUST01124,46-55,M,GH,,CURRENT,TXN000219,22/02/2024,-756.17,Airtime,Internet Banking,Restaurants,Yes,614.0,Medium,3.0,No,,4.0,<50k,-1000.0,639340.18,current,BR002,Pending,
CUST01171,26-35,F,EG,Student,WALLET,TXN000409,04/22/2024,3983.76,Withdrawal,USSD,Education,0,999.0,Medium,2.0,Yes,,20.0,500k-1M,-1000.0,670108.03,Late,BR-006,Reversed,5.05
CUST01314,65-200,M,UG,Student,CURRENT,TXN000050,23/04/2024,3473.14,Payment,atm,Healthcare,0,1500.0,HIGH,1.0,1,FALSE,32.0,>1M,,82801.5,Late,BR003,Pending,-2.0
CUST01102,65-200,F,GH,SME,CURRENT,TXN000487,19/01/2024,2531.65,Deposit,Internet Banking,Restaurants,No,534.0,High,0.0,Yes,Yes,,50k-150k,,590677.07,Default,BR004,Failed,3.59
CUST01411,56-65,M,NG,Affluent,CURRENT,TXN000434,12/09/2024,1536.92,Deposit,Internet Banking,Travel,0,1500.0,HIGH,2.0,0,FALSE,27.0,500k-1M,,593652.01,LATE,BR001,Failed,600.0
CUST01374,65-200,M,TZ,Student,SAVINGS,TXN000518,23/02/2024,2961.97,Transfer,Branch,Travel,,-50.0,High,,N,Yes,9999.0,50k-150k,321951.13,667479.42,current,BR-006,Completed,
CUST01196,,M,RW,Student,CURRENT,TXN000244,22/09/2024,7665.87,Airtime,atm,Education,0,336.0,HIGH,3.0,0,TRUE,9999.0,50k-150k,,107590.59,current,BR001,Reversed,600.0
CUST01132,65-200,M,EG,Retail,SAVINGS,TXN000215,24/10/2024,2323.38,Transfer,atm,Groceries,No,-50.0,low,0.0,0,FALSE,6.0,50k-150k,,174709.2,LATE,BR-006,Completed,600.0
CUST01365,36-45,M,TZ,SME,CURRENT,TXN000419,15/09/2024,2555.47,Transfer,Mobile App,Groceries,0,,HIGH,3.0,0,FALSE,,500k-1M,208151.47,376394.75,current,BR002,Completed,7.95
CUST01121,46-55,M,EG,Affluent,SAVINGS,TXN000110,15/04/2024,7612.92,Transfer,atm,Retail,,999.0,Low,2.0,Y,No,4.0,<50k,-1000.0,87178.27,Late,br007,Pending,600.0
CUST01127,,F,EG,SME,SAVINGS,TXN000454,18/04/2024,-244.6,Deposit,atm,Fuel,,999.0,High,2.0,Y,Yes,30.0,>1M,440424.87,259636.41,current,br007,Pending,600.0
CUST01417,36-45,F,ZA,Corporate,CURRENT,TXN000519,19/10/2024,65.41,Payment,ATM,Misc,1,,low,0.0,Y,FALSE,60.0,<50k,,529268.04,,BR003,Pending,-2.0
CUST01186,65-200,M,UG,SME,SAVINGS,TXN000374,03/09/2024,8095.54,Deposit,atm,Misc,1,,HIGH,1.0,N,No,,500k-1M,-1000.0,518706.37,Default,BR003,Completed,1.26
CUST01360,56-65,M,NG,Student,CURRENT,TXN000111,26/02/2024,7229.72,WITHDRAWAL,Internet Banking,Utilities,,,Low,2.0,1,Yes,,<50k,130083.4,24865.67,Late,BR002,Failed,600.0
CUST01191,18-25,M,ZA,SME,CURRENT,TXN000055,20/12/2024,1534920,Airtime,mobile app,Utilities,0,,High,0.0,Y,FALSE,44.0,50k-150k,,358881.18,Default,BR001,Completed,0.14
CUST01215,46-55,M,TZ,Affluent,SAVINGS,TXN000104,20/09/2024,5754.16,Withdrawal,USSD,Utilities,1,374.0,High,0.0,Y,No,2.0,<50k,,405288.48,current,BR002,Failed,600.0
CUST01175,26-35,M,KE,,CURRENT,TXN000509,21/01/2024,-2047.04,WITHDRAWAL,Branch,Education,0,1500.0,Low,3.0,,Yes,52.0,<50k,224249.07,610211.26,Late,br007,Failed,
CUST01367,18-25,F,RW,,CURRENT,TXN000424,28/02/2024,2695.74,Airtime,USSD,Fuel,,406.0,Med,0.0,1,No,9999.0,>1M,88453.84,66259.7,LATE,BR001,Pending,6.69
CUST01122,26-35,M,UG,,SAVINGS,TXN000056,03/06/2024,259.46,Airtime,ATM,Travel,0,-50.0,low,,1,,9999.0,<50k,,1251.47,LATE,BR004,Pending,600.0
CUST01269,46-55,F,TZ,,CURRENT,TXN000301,13/02/2024,2466.26,deposit,ATM,Fuel,Yes,999.0,Medium,1.0,0,TRUE,9999.0,150k-500k,411714.8,332042.21,LATE,BR005,Pending,600.0
CUST01219,26-35,F,GH,Affluent,CURRENT,TXN000334,06/01/2024,460.27,deposit,Branch,Education,0,,Med,1.0,0,FALSE,,150k-500k,-1000.0,158771.69,Current,BR004,Reversed,1.6
CUST01013,56-65,F,RW,Student,WALLET,TXN000091,14/12/2024,2308.25,Airtime,ATM,Restaurants,Yes,1500.0,Med,0.0,0,TRUE,,>1M,-1000.0,338502.36,current,BR-006,Completed,600.0
CUST01040,18-25,F,EG,Student,SAVINGS,TXN000315,25/09/2024,1897.52,Transfer,atm,Education,0,650.0,High,2.0,N,Yes,0.0,>1M,133040.38,532257.82,,BR003,Pending,6.33
CUST01407,18-25,M,EG,Retail,WALLET,TXN000590,03/02/2024,-3934.44,deposit,Branch,,Yes,,High,-1.0,No,Yes,9999.0,<50k,,480313.95,Current,BR001,Reversed,600.0
CUST01019,18-25,F,UG,,WALLET,TXN000216,12/09/2024,657.65,Transfer,USSD,Travel,0,-50.0,Low,3.0,0,FALSE,,,-1000.0,624749.63,LATE,BR001,Pending,
CUST01135,36-45,F,EG,Student,SAVINGS,TXN000373,25/06/2024,1741.7,Transfer,atm,Misc,1,,Medium,0.0,N,Yes,13.0,>1M,,654809.16,Current,BR002,Failed,1.58
CUST01371,26-35,M,ZA,,WALLET,TXN000089,15/04/2024,4624.75,Deposit,Internet Banking,Retail,0,999.0,Low,2.0,No,Yes,,500k-1M,,387385.05,Default,br007,completed,-2.0
CUST01358,56-65,M,EG,,CURRENT,TXN000039,11/04/2024,-496.25,WITHDRAWAL,atm,,Yes,999.0,low,0.0,Yes,No,9999.0,150k-500k,,296809.21,Current,BR-006,Pending,600.0
CUST01057,36-45,F,GH,Corporate,CURRENT,TXN000581,02/10/2024,1120.9,Airtime,Mobile App,Utilities,0,1500.0,HIGH,,Y,,9999.0,,453968.42,705825.02,current,BR003,Completed,600.0
CUST01101,36-45,F,TZ,,SAVINGS,TXN000242,17-Aug-24,3615.09,Transfer,Internet Banking,Education,No,,Low,,N,TRUE,9999.0,<50k,-1000.0,218378.23,Default,BR004,Reversed,600.0
CUST01182,26-35,M,ZA,Corporate,CURRENT,TXN000342,05/07/2024,777.91,Payment,Branch,Travel,1,-50.0,High,,0,FALSE,9999.0,50k-150k,-1000.0,507444.43,,BR001,Reversed,600.0
CUST01087,56-65,F,EG,Affluent,WALLET,TXN000204,27/04/2024,3709.81,deposit,mobile app,Travel,1,1500.0,HIGH,1.0,1,Yes,,150k-500k,,472428.77,current,BR-006,Failed,
CUST01078,,M,KE,Student,SAVINGS,TXN000049,10/02/2024,12087.66,Payment,atm,Groceries,Yes,-50.0,Low,,1,,9999.0,150k-500k,,54629.01,Default,BR001,Completed,-2.0
CUST01029,36-45,F,NG,Student,SAVINGS,TXN000573,17/05/2024,17828,Airtime,ATM,Restaurants,0,-50.0,low,-1.0,Y,TRUE,10.0,500k-1M,272887.62,480278.63,Current,BR005,Reversed,600.0
CUST01129,65-200,M,ZA,Corporate,SAVINGS,TXN000496,01/10/2024,16077.63,deposit,ATM,Retail,,1500.0,low,0.0,Yes,No,,50k-150k,,270014.26,,BR004,Reversed,600.0
CUST01162,26-35,M,RW,SME,CURRENT,TXN000493,12/02/2024,8100.73,Airtime,POS,,0,999.0,low,,Yes,Yes,5.0,500k-1M,4334.34,265206.91,Default,BR-006,Failed,-2.0
CUST01186,26-35,M,KE,Student,CURRENT,TXN000116,23/12/2024,4876.86,Transfer,Internet Banking,Telecom,0,999.0,Med,1.0,No,No,,<50k,,519344.21,LATE,BR005,Reversed,-2.0
CUST01418,36-45,F,NG,Affluent,WALLET,TXN000077,22/11/2024,-3453.95,WITHDRAWAL,Internet Banking,Misc,0,652.0,High,0.0,N,Yes,,<50k,89990.66,612662.15,Late,BR005,Reversed,600.0
CUST01088,,M,UG,Affluent,SAVINGS,TXN000525,28/01/2024,631.82,Transfer,mobile app,Groceries,1,,Medium,2.0,1,Yes,36.0,,,671816.76,LATE,BR003,Reversed,
CUST01267,18-25,F,UG,Corporate,WALLET,TXN000123,22/10/2024,2140.76,deposit,mobile app,Groceries,1,402.0,low,-1.0,Y,,,150k-500k,,306434.78,LATE,BR002,Completed,600.0
CUST01396,26-35,M,UG,,CURRENT,TXN000314,09/04/2024,4251.3,WITHDRAWAL,mobile app,Education,,,Med,0.0,0,No,,>1M,90992.17,360528.63,Current,br007,Failed,
CUST01033,36-45,F,GH,Retail,WALLET,TXN000199,06/15/2024,7348.85,WITHDRAWAL,USSD,Fuel,0,-50.0,HIGH,3.0,1,FALSE,9999.0,150k-500k,,564212.95,Late,BR001,Pending,2.58
CUST01087,26-35,F,EG,Retail,SAVINGS,TXN000230,2024-13-45,2648.48,Payment,USSD,Restaurants,,,Medium,1.0,N,No,39.0,50k-150k,,145824.41,current,BR-006,Completed,
CUST01308,26-35,F,RW,Student,WALLET,TXN000268,16/07/2024,8588.26,Transfer,Branch,Fuel,,1500.0,HIGH,-1.0,N,No,39.0,<50k,-1000.0,68953.52,Current,BR003,Pending,
CUST01202,56-65,F,ZA,Corporate,WALLET,TXN000295,14/07/2024,2213.7,Transfer,atm,Restaurants,0,999.0,High,3.0,Yes,No,48.0,500k-1M,-1000.0,281259.96,Current,BR002,Reversed,600.0
CUST01047,46-55,F,ZA,SME,CURRENT,TXN000017,25/02/2024,1017.71,Payment,Branch,Telecom,0,325.0,Med,2.0,1,Yes,,>1M,-1000.0,155548.19,,BR001,completed,600.0
CUST01237,18-25,F,RW,Student,CURRENT,TXN000333,01/08/2024,1758.64,Withdrawal,USSD,Fuel,,999.0,low,0.0,Yes,TRUE,9999.0,500k-1M,,7090.99,Default,BR003,Pending,
CUST01269,65-200,F,EG,SME,SAVINGS,TXN000396,02/03/2024,4786.29,Withdrawal,atm,Misc,No,999.0,low,,1,FALSE,17.0,<50k,101777.47,673140.28,Current,BR004,Completed,-2.0
CUST01001,18-25,F,ZA,Corporate,CURRENT,TXN000532,08/14/2024,2285.09,WITHDRAWAL,POS,Restaurants,0,1500.0,Low,0.0,Yes,Yes,9999.0,500k-1M,222066.53,591331.51,current,BR005,Reversed,600.0
CUST01377,18-25,F,UG,Affluent,CURRENT,TXN000502,01/04/2024,11953.76,Payment,mobile app,Telecom,0,1500.0,High,2.0,Y,Yes,9999.0,>1M,452681.15,474349.73,Default,BR002,Failed,1.55
CUST01060,36-45,M,UG,Retail,CURRENT,TXN000027,03/09/2024,5978.97,Withdrawal,ATM,Travel,No,999.0,low,1.0,1,,9999.0,,480054.39,758072.16,current,BR004,Pending,
CUST01281,26-35,F,KE,SME,SAVINGS,TXN000375,16/10/2024,2258.83,Airtime,mobile app,Utilities,,1500.0,Med,0.0,N,TRUE,23.0,<50k,,585601.29,LATE,BR002,Completed,-2.0
CUST01276,56-65,F,GH,,CURRENT,TXN000600,11/03/2024,10866.61,Airtime,Branch,Education,1,689.0,Med,,0,FALSE,9999.0,<50k,,433581.42,LATE,BR005,Pending,600.0
CUST01207,,F,TZ,,SAVINGS,TXN000580,01/06/2024,160,Withdrawal,ATM,Groceries,1,335.0,HIGH,-1.0,1,,,<50k,495710.98,369370.5,Default,br007,Reversed,600.0
CUST01171,65-200,M,NG,Affluent,CURRENT,TXN000109,17/02/2024,7562.06,Withdrawal,mobile app,Utilities,0,,HIGH,2.0,N,Yes,9999.0,>1M,139912.64,737019.52,Current,BR004,Failed,600.0
CUST01259,56-65,M,GH,Student,SAVINGS,TXN000517,22/09/2024,3107.95,Withdrawal,Branch,Misc,0,-50.0,Med,-1.0,,No,9999.0,150k-500k,,704578.41,,BR001,Pending,7.92
CUST01077,46-55,F,ZA,Corporate,CURRENT,TXN000229,16/06/2024,1387.86,Airtime,atm,Education,,1500.0,High,2.0,N,Yes,18.0,>1M,31474.75,667958.01,Late,br007,Pending,-2.0
CUST01274,36-45,M,TZ,,CURRENT,TXN000105,01/02/2024,3531.78,deposit,Internet Banking,Groceries,No,999.0,Medium,,,No,3.0,500k-1M,,92789.27,Default,BR005,completed,4.94
CUST01075,36-45,M,UG,,SAVINGS,TXN000379,08/17/2024,4307.8,Withdrawal,USSD,Misc,0,809.0,High,3.0,0,FALSE,23.0,150k-500k,372182.56,736517.8,,BR005,Reversed,3.08
CUST01369,65-200,F,TZ,Student,SAVINGS,TXN000564,11/01/2024,4683.54,WITHDRAWAL,mobile app,,No,999.0,High,0.0,Yes,,56.0,<50k,,201679.01,,BR002,Failed,
CUST01122,56-65,F,ZA,,SAVINGS,TXN000579,07/10/2024,937.51,Withdrawal,Mobile App,Misc,0,,Med,3.0,Y,Yes,9999.0,50k-150k,110939.41,644758.39,,BR002,Failed,600.0
CUST01263,65-200,F,TZ,,SAVINGS,TXN000227,12/07/2024,470.48,WITHDRAWAL,Branch,Restaurants,,999.0,High,0.0,0,,45.0,150k-500k,280379.1,110724.65,current,BR-006,Reversed,2.75
CUST01203,18-25,M,RW,Student,CURRENT,TXN000414,14/12/2024,682.89,Deposit,ATM,Healthcare,0,,HIGH,1.0,0,Yes,,50k-150k,327637.98,654636.71,Current,BR-006,completed,7.03
CUST01150,56-65,M,RW,Affluent,SAVINGS,TXN000176,13/09/2024,3345.32,deposit,Internet Banking,Groceries,0,1500.0,HIGH,-1.0,,,9999.0,150k-500k,-1000.0,124020.38,current,BR002,Pending,-2.0
CUST01184,,M,TZ,SME,SAVINGS,TXN000135,09/08/2024,5365900,WITHDRAWAL,mobile app,Education,0,346.0,low,,0,No,,,-1000.0,214647.52,Late,BR001,Failed,-2.0
CUST01185,18-25,M,EG,Affluent,CURRENT,TXN000399,14/04/2024,6100.87,Deposit,Mobile App,Retail,0,312.0,HIGH,3.0,0,TRUE,,>1M,,370179.41,Default,BR001,Reversed,600.0
CUST01005,18-25,M,EG,Corporate,WALLET,TXN000352,25/06/2024,3209.09,Payment,POS,Telecom,0,,Med,0.0,1,,9999.0,,,36544.49,Current,BR003,Reversed,-2.0
CUST01172,65-200,F,KE,SME,SAVINGS,TXN000183,17/12/2024,-3389.3,Withdrawal,Branch,Utilities,1,999.0,High,2.0,1,FALSE,9999.0,500k-1M,65187.59,384738.0,Default,BR-006,completed,600.0
CUST01225,65-200,M,GH,Corporate,CURRENT,TXN000495,12/02/2024,8976.81,Airtime,atm,Groceries,1,999.0,HIGH,1.0,Yes,No,9999.0,>1M,,733411.21,,BR002,Pending,
CUST01057,65-200,M,GH,Retail,SAVINGS,TXN000192,21/08/2024,1997.35,Transfer,Mobile App,Healthcare,Yes,,Med,3.0,0,No,,500k-1M,,553373.94,LATE,br007,completed,
CUST01126,26-35,M,GH,SME,WALLET,TXN000336,05/04/2024,1147.89,Payment,ATM,,No,,Medium,0.0,N,Yes,9999.0,<50k,251166.97,150935.2,Current,BR004,Reversed,
CUST01371,46-55,M,RW,Affluent,SAVINGS,TXN000267,07/12/2024,5011.12,Payment,POS,Education,,-50.0,Medium,3.0,Yes,TRUE,9999.0,>1M,,93552.59,Late,BR005,Pending,-2.0
CUST01380,36-45,F,KE,SME,CURRENT,TXN000169,05/11/2024,730460,Withdrawal,Internet Banking,Groceries,0,1500.0,Low,0.0,,FALSE,33.0,,-1000.0,124219.49,Default,br007,Pending,600.0
CUST01405,18-25,F,UG,Affluent,SAVINGS,TXN000415,23/05/2024,7122.61,Airtime,Branch,Travel,0,1500.0,Low,1.0,Y,FALSE,12.0,500k-1M,-1000.0,460960.95,LATE,BR004,Pending,600.0
CUST01028,26-35,M,GH,SME,SAVINGS,TXN000349,05/07/2024,13086.15,WITHDRAWAL,Internet Banking,Education,No,686.0,Med,1.0,Yes,Yes,9999.0,50k-150k,-1000.0,696381.58,LATE,BR005,Pending,-2.0
CUST01400,46-55,F,EG,Corporate,SAVINGS,TXN000106,06/10/2024,1860.03,Transfer,Internet Banking,Retail,0,575.0,Low,1.0,,FALSE,9999.0,>1M,-1000.0,780040.47,LATE,BR-006,Completed,600.0
CUST01030,36-45,M,UG,Student,WALLET,TXN000560,13/02/2024,3799.99,Airtime,Branch,Retail,,999.0,Med,0.0,N,,9999.0,50k-150k,143831.38,493107.88,current,BR002,completed,600.0
CUST01401,26-35,M,NG,Retail,WALLET,TXN000200,04/09/2024,9783.69,Deposit,USSD,Groceries,0,1500.0,Med,0.0,Y,FALSE,9999.0,>1M,,114636.04,Current,BR003,Reversed,
CUST01141,26-35,F,NG,Retail,SAVINGS,TXN000228,10/03/2024,1866.05,Deposit,Mobile App,Telecom,1,-50.0,High,2.0,0,,9999.0,<50k,,496761.01,LATE,BR002,Reversed,6.42
CUST01144,36-45,M,UG,Student,CURRENT,TXN000051,10/06/2024,12345.67,deposit,mobile app,Telecom,1,999.0,HIGH,1.0,Yes,,,,-1000.0,681253.01,Current,BR003,completed,
CUST01169,,F,KE,Corporate,CURRENT,TXN000546,28/10/2024,"NGN 22,414.52",Transfer,Internet Banking,Misc,0,-50.0,Med,-1.0,No,No,,>1M,,86030.78,Current,BR004,completed,4.79
CUST01415,56-65,M,UG,Student,CURRENT,TXN000253,01/12/2024,"NGN 1,281.02",WITHDRAWAL,ATM,Misc,No,1500.0,Med,-1.0,Y,FALSE,56.0,50k-150k,-1000.0,208776.06,LATE,BR004,Failed,600.0
CUST01341,18-25,M,KE,,CURRENT,TXN000302,13/08/2024,5186.37,Transfer,mobile app,Fuel,1,1500.0,low,1.0,Yes,Yes,,<50k,205048.03,202213.29,Current,BR003,Completed,600.0
CUST01211,18-25,F,UG,Corporate,SAVINGS,TXN000362,11/10/2024,11228.18,Transfer,Internet Banking,,0,999.0,low,,Y,TRUE,,50k-150k,336650.41,720149.8,current,BR004,Failed,3.37
CUST01275,26-35,F,ZA,Retail,CURRENT,TXN000404,25/05/2024,4484.72,Airtime,atm,Utilities,,999.0,Medium,1.0,Yes,Yes,,<50k,252512.97,460809.4,,BR001,Failed,
CUST01342,26-35,M,NG,Affluent,SAVINGS,TXN000472,21/12/2024,,Transfer,Internet Banking,Fuel,0,636.0,HIGH,2.0,,Yes,,>1M,,286871.15,LATE,BR003,Reversed,-2.0
CUST01266,36-45,M,RW,Corporate,SAVINGS,TXN000403,21/06/2024,1254.37,Payment,Branch,Education,,,low,0.0,,TRUE,,50k-150k,157408.19,554458.51,current,br007,Failed,600.0
CUST01236,56-65,F,ZA,,SAVINGS,TXN000537,19/10/2024,770.19,deposit,mobile app,Retail,0,,HIGH,0.0,N,No,,500k-1M,,542020.33,Late,BR005,Reversed,600.0
CUST01201,26-35,M,GH,Affluent,CURRENT,TXN000187,13/12/2024,1703.36,Airtime,Branch,Travel,0,,Medium,-1.0,Yes,TRUE,,>1M,445201.04,755309.36,Late,BR004,Pending,
CUST01067,56-65,M,KE,Affluent,CURRENT,TXN000258,25/08/2024,4955.02,Withdrawal,atm,Groceries,,566.0,Medium,0.0,No,FALSE,,50k-150k,,226340.41,Current,BR002,Failed,-2.0
CUST01264,56-65,F,ZA,Student,WALLET,TXN000275,10/16/2024,2422.81,deposit,mobile app,Education,1,1500.0,Med,0.0,Yes,FALSE,56.0,500k-1M,,62458.15,LATE,BR004,Failed,600.0
CUST01064,65-200,M,UG,Retail,SAVINGS,TXN000384,17/11/2024,2485.6,deposit,ATM,Fuel,0,1500.0,HIGH,0.0,Yes,TRUE,9999.0,50k-150k,-1000.0,77919.25,current,BR-006,Reversed,600.0
CUST01205,18-25,M,NG,Corporate,SAVINGS,TXN000351,01/06/2024,1992.24,Withdrawal,USSD,Telecom,Yes,1500.0,HIGH,1.0,0,FALSE,,<50k,,517317.76,Current,BR002,completed,1.64
CUST01048,26-35,F,NG,,CURRENT,TXN000181,20/02/2024,1758.09,deposit,USSD,Groceries,0,-50.0,Med,0.0,Y,TRUE,9999.0,>1M,199899.12,587412.76,,BR001,Completed,600.0
CUST01161,,M,NG,Student,CURRENT,TXN000287,08-May-24,NGN 865.71,Deposit,atm,Fuel,No,,High,0.0,No,No,,<50k,-1000.0,500235.76,Default,BR005,Failed,600.0
CUST01211,18-25,M,ZA,Corporate,CURRENT,TXN000172,01/12/2024,805.56,Withdrawal,Mobile App,Telecom,Yes,-50.0,Low,1.0,0,,31.0,500k-1M,160321.86,39705.66,Late,BR003,Reversed,
CUST01241,,F,ZA,Affluent,SAVINGS,TXN000032,18/06/2024,3205.29,WITHDRAWAL,mobile app,Education,1,,High,1.0,,FALSE,9999.0,50k-150k,133586.33,226271.19,LATE,BR002,completed,600.0
CUST01187,56-65,F,NG,Corporate,WALLET,TXN000583,03/10/2024,1085.39,WITHDRAWAL,ATM,Travel,0,1500.0,Medium,3.0,0,Yes,9999.0,,64393.22,751076.17,,BR001,Pending,7.56
CUST01391,26-35,F,ZA,SME,CURRENT,TXN000468,01/06/2024,6172.97,deposit,Mobile App,Healthcare,0,-50.0,High,0.0,,TRUE,4.0,>1M,,112352.27,Current,br007,completed,
CUST01023,26-35,F,NG,SME,SAVINGS,TXN000340,15/09/2024,5399.31,Airtime,USSD,Retail,1,-50.0,Medium,0.0,N,,9999.0,150k-500k,,485774.7,LATE,BR003,completed,1.73
CUST01254,18-25,M,ZA,Affluent,CURRENT,TXN000391,11/09/2024,3379.32,Deposit,Branch,Retail,0,999.0,High,-1.0,Yes,FALSE,9999.0,500k-1M,188059.11,455321.94,LATE,BR003,Completed,-2.0
CUST01092,18-25,F,EG,,CURRENT,TXN000400,09/12/2024,1201.94,Transfer,ATM,Misc,0,,High,-1.0,1,Yes,14.0,>1M,327300.41,547553.11,LATE,BR001,completed,-2.0
CUST01073,18-25,M,GH,Corporate,SAVINGS,TXN000276,05/09/2024,4967.4,Deposit,POS,Retail,1,-50.0,High,,No,FALSE,30.0,150k-500k,-1000.0,295465.65,Default,BR004,Completed,600.0
